Participant207-2,Participant208-5,Participant209-8,Participant211-5,Participant212-2,Participant213-1,Participant214-8,Participant215-8,Participant216-1,Participant217-7,Participant219-6,Participant220-4,Participant222-4,Participant223-3,Participant224-1,Participant225-7,Participant226-3,Participant227-2,Participant228-7,Participant229-6,Participant230-4,Participant231-2,Participant232-5,Participant234-7,Participant235-8,Participant236-2,Participant237-2,Participant238-7,Participant239-3,Participant242-8,Participant243-6,Participant244-4,Participant245-1,Participant246-4,Participant247-6,Participant248-1,Participant249-1,Participant250-3,Participant252-2
,,,,,,,,,,,,,,,,,,,,,,,,,,,,,,,,,,,,,,
totalSR: 274,totalSR: 175,totalSR: 47,totalSR: 170,totalSR: 154,totalSR: 275,totalSR: 200,totalSR: 206,totalSR: 276,totalSR: 203,totalSR: 182,totalSR: 211,totalSR: 208,totalSR: 206,totalSR: 300,totalSR: 208,totalSR: 205,totalSR: 184,totalSR: 203,totalSR: 210,totalSR: 216,totalSR: 242,totalSR: 153,totalSR: 167,totalSR: 161,totalSR: 105,totalSR: 192,totalSR: 203,totalSR: 165,totalSR: 183,totalSR: 193,totalSR: 93,totalSR: 276,totalSR: 146,totalSR: 203,totalSR: 296,totalSR: 242,totalSR: 142,totalSR: 218
srPhase1: 65,srPhase1: 74,srPhase1: 46,srPhase1: 91,srPhase1: 87,srPhase1: 97,srPhase1: 103,srPhase1: 101,srPhase1: 92,srPhase1: 106,srPhase1: 100,srPhase1: 92,srPhase1: 100,srPhase1: 105,srPhase1: 101,srPhase1: 106,srPhase1: 107,srPhase1: 23,srPhase1: 102,srPhase1: 105,srPhase1: 107,srPhase1: 76,srPhase1: 92,srPhase1: 91,srPhase1: 79,srPhase1: 70,srPhase1: 111,srPhase1: 97,srPhase1: 88,srPhase1: 92,srPhase1: 107,srPhase1: 29,srPhase1: 105,srPhase1: 66,srPhase1: 117,srPhase1: 101,srPhase1: 87,srPhase1: 66,srPhase1: 65
srPhase2: 98,srPhase2: 99,srPhase2: 0,srPhase2: 77,srPhase2: 57,srPhase2: 88,srPhase2: 95,srPhase2: 103,srPhase2: 86,srPhase2: 95,srPhase2: 80,srPhase2: 111,srPhase2: 99,srPhase2: 96,srPhase2: 92,srPhase2: 100,srPhase2: 96,srPhase2: 100,srPhase2: 99,srPhase2: 103,srPhase2: 104,srPhase2: 71,srPhase2: 59,srPhase2: 74,srPhase2: 80,srPhase2: 33,srPhase2: 79,srPhase2: 104,srPhase2: 75,srPhase2: 89,srPhase2: 84,srPhase2: 29,srPhase2: 55,srPhase2: 77,srPhase2: 84,srPhase2: 96,srPhase2: 71,srPhase2: 38,srPhase2: 71
srPhase3: 109,srPhase3: 0,srPhase3: 0,srPhase3: 0,srPhase3: 8,srPhase3: 88,srPhase3: 0,srPhase3: 0,srPhase3: 96,srPhase3: 0,srPhase3: 0,srPhase3: 6,srPhase3: 7,srPhase3: 3,srPhase3: 105,srPhase3: 0,srPhase3: 0,srPhase3: 59,srPhase3: 0,srPhase3: 0,srPhase3: 3,srPhase3: 93,srPhase3: 0,srPhase3: 0,srPhase3: 0,srPhase3: 0,srPhase3: 0,srPhase3: 0,srPhase3: 0,srPhase3: 0,srPhase3: 0,srPhase3: 33,srPhase3: 114,srPhase3: 1,srPhase3: 0,srPhase3: 97,srPhase3: 82,srPhase3: 36,srPhase3: 80
,,,,,,,,,,,,,,,,,,,,,,,,,,,,,,,,,,,,,,
Cut-off?,Cut-off?,Cut-off?,Cut-off?,Cut-off?,Cut-off?,Cut-off?,Cut-off?,Cut-off?,Cut-off?,Cut-off?,Cut-off?,Cut-off?,Cut-off?,Cut-off?,Cut-off?,Cut-off?,Cut-off?,Cut-off?,Cut-off?,Cut-off?,Cut-off?,Cut-off?,Cut-off?,Cut-off?,Cut-off?,Cut-off?,Cut-off?,Cut-off?,Cut-off?,Cut-off?,Cut-off?,Cut-off?,Cut-off?,Cut-off?,Cut-off?,Cut-off?,Cut-off?,Cut-off?
FALSE,FALSE,FALSE,FALSE,FALSE,FALSE,FALSE,FALSE,FALSE,FALSE,FALSE,FALSE,FALSE,FALSE,FALSE,FALSE,FALSE,FALSE,FALSE,FALSE,FALSE,FALSE,FALSE,FALSE,FALSE,FALSE,FALSE,FALSE,FALSE,FALSE,FALSE,FALSE,FALSE,FALSE,FALSE,FALSE,FALSE,FALSE,FALSE
,,,,,,,,,,,,,,,,,,,,,,,,,,,,,,,,,,,,,,
Target response,Target response,Target response,Target response,Target response,Target response,Target response,Target response,Target response,Target response,Target response,Target response,Target response,Target response,Target response,Target response,Target response,Target response,Target response,Target response,Target response,Target response,Target response,Target response,Target response,Target response,Target response,Target response,Target response,Target response,Target response,Target response,Target response,Target response,Target response,Target response,Target response,Target response,Target response
Phase 1,Phase 1,Phase 1,Phase 1,Phase 1,Phase 1,Phase 1,Phase 1,Phase 1,Phase 1,Phase 1,Phase 1,Phase 1,Phase 1,Phase 1,Phase 1,Phase 1,Phase 1,Phase 1,Phase 1,Phase 1,Phase 1,Phase 1,Phase 1,Phase 1,Phase 1,Phase 1,Phase 1,Phase 1,Phase 1,Phase 1,Phase 1,Phase 1,Phase 1,Phase 1,Phase 1,Phase 1,Phase 1,Phase 1
5.0,27.0,18.0,55.0,36.0,36.0,47.0,53.0,38.0,43.0,32.0,38.0,40.0,42.0,36.0,46.0,54.0,22.0,53.0,33.0,44.0,21.0,40.0,33.0,29.0,26.0,52.0,29.0,28.0,27.0,49.0,16.0,40.0,20.0,56.0,43.0,20.0,36.0,28.0
40.0,42.0,18.0,48.0,26.0,37.0,51.0,46.0,36.0,38.0,36.0,37.0,42.0,39.0,45.0,46.0,39.0,0.0,54.0,47.0,46.0,25.0,45.0,41.0,43.0,34.0,57.0,46.0,23.0,31.0,50.0,19.0,40.0,19.0,58.0,41.0,33.0,40.0,24.0
11.0,41.0,11.0,39.0,30.0,33.0,48.0,51.0,27.0,48.0,39.0,53.0,36.0,41.0,47.0,39.0,35.0,0.0,50.0,54.0,51.0,25.0,40.0,47.0,29.0,24.0,53.0,56.0,47.0,47.0,42.0,2.0,42.0,21.0,55.0,45.0,29.0,36.0,26.0
34.0,7.0,4.0,33.0,27.0,32.0,43.0,75.0,29.0,46.0,39.0,71.0,41.0,41.0,49.0,42.0,39.0,0.0,51.0,52.0,51.0,20.0,40.0,40.0,44.0,0.0,55.0,53.0,46.0,46.0,57.0,11.0,45.0,19.0,60.0,51.0,30.0,19.0,18.0
43.0,35.0,12.0,39.0,29.0,32.0,49.0,44.0,31.0,45.0,44.0,70.0,38.0,46.0,47.0,47.0,42.0,30.0,34.0,54.0,52.0,28.0,27.0,39.0,44.0,40.0,49.0,51.0,46.0,44.0,51.0,5.0,50.0,31.0,59.0,56.0,28.0,0.0,0.0
Phase 2,Phase 2,Phase 2,Phase 2,Phase 2,Phase 2,Phase 2,Phase 2,Phase 2,Phase 2,Phase 2,Phase 2,Phase 2,Phase 2,Phase 2,Phase 2,Phase 2,Phase 2,Phase 2,Phase 2,Phase 2,Phase 2,Phase 2,Phase 2,Phase 2,Phase 2,Phase 2,Phase 2,Phase 2,Phase 2,Phase 2,Phase 2,Phase 2,Phase 2,Phase 2,Phase 2,Phase 2,Phase 2,Phase 2
7.0,8.0,15.0,26.0,6.0,4.0,11.0,8.0,5.0,11.0,30.0,18.0,11.0,7.0,6.0,15.0,20.0,6.0,13.0,10.0,16.0,19.0,28.0,15.0,19.0,14.0,21.0,10.0,12.0,7.0,33.0,7.0,48.0,11.0,10.0,13.0,25.0,0.0,14.0
0.0,6.0,0.0,0.0,0.0,0.0,0.0,0.0,0.0,0.0,0.0,0.0,0.0,0.0,0.0,0.0,0.0,0.0,0.0,0.0,0.0,0.0,5.0,5.0,0.0,0.0,0.0,6.0,8.0,0.0,0.0,2.0,43.0,4.0,0.0,0.0,6.0,14.0,0.0
0.0,0.0,1.0,15.0,0.0,0.0,0.0,0.0,0.0,0.0,10.0,0.0,0.0,0.0,0.0,0.0,0.0,4.0,0.0,0.0,0.0,0.0,0.0,9.0,6.0,0.0,8.0,0.0,7.0,0.0,0.0,0.0,19.0,6.0,0.0,4.0,0.0,0.0,0.0
0.0,0.0,2.0,0.0,0.0,0.0,0.0,0.0,3.0,0.0,0.0,0.0,0.0,0.0,0.0,0.0,0.0,0.0,0.0,0.0,0.0,0.0,3.0,16.0,8.0,0.0,6.0,0.0,0.0,6.0,0.0,2.0,0.0,4.0,0.0,0.0,0.0,0.0,0.0
0.0,0.0,0.0,7.0,0.0,0.0,0.0,0.0,0.0,1.0,0.0,0.0,0.0,0.0,0.0,0.0,0.0,0.0,0.0,0.0,0.0,0.0,0.0,3.0,0.0,0.0,0.0,0.0,0.0,0.0,0.0,0.0,0.0,0.0,0.0,0.0,0.0,1.0,0.0
Phase 3,Phase 3,Phase 3,Phase 3,Phase 3,Phase 3,Phase 3,Phase 3,Phase 3,Phase 3,Phase 3,Phase 3,Phase 3,Phase 3,Phase 3,Phase 3,Phase 3,Phase 3,Phase 3,Phase 3,Phase 3,Phase 3,Phase 3,Phase 3,Phase 3,Phase 3,Phase 3,Phase 3,Phase 3,Phase 3,Phase 3,Phase 3,Phase 3,Phase 3,Phase 3,Phase 3,Phase 3,Phase 3,Phase 3
0.0,5.0,1.0,11.0,0.0,0.0,5.0,8.0,0.0,0.0,22.0,17.0,5.0,0.0,0.0,6.0,9.0,3.0,11.0,6.0,0.0,0.0,0.0,0.0,14.0,0.0,0.0,10.0,0.0,27.0,2.0,0.0,0.0,36.0,0.0,0.0,0.0,0.0,0.0
0.0,0.0,0.0,22.0,0.0,0.0,0.0,0.0,0.0,0.0,17.0,21.0,1.0,0.0,0.0,0.0,0.0,0.0,0.0,1.0,3.0,0.0,0.0,0.0,0.0,0.0,0.0,0.0,0.0,29.0,0.0,0.0,0.0,47.0,0.0,0.0,0.0,0.0,0.0
0.0,0.0,1.0,12.0,0.0,0.0,0.0,0.0,0.0,0.0,15.0,3.0,0.0,0.0,0.0,1.0,0.0,0.0,0.0,0.0,0.0,0.0,22.0,0.0,0.0,0.0,0.0,3.0,0.0,23.0,0.0,0.0,0.0,44.0,0.0,0.0,0.0,0.0,0.0
0.0,0.0,0.0,0.0,0.0,0.0,0.0,0.0,0.0,0.0,12.0,0.0,0.0,0.0,0.0,0.0,0.0,0.0,0.0,0.0,0.0,0.0,0.0,0.0,0.0,0.0,0.0,0.0,0.0,49.0,0.0,0.0,0.0,51.0,0.0,0.0,0.0,5.0,0.0
0.0,0.0,0.0,11.0,0.0,0.0,0.0,0.0,0.0,0.0,0.0,0.0,0.0,0.0,0.0,0.0,0.0,0.0,0.0,0.0,0.0,0.0,0.0,0.0,0.0,0.0,0.0,5.0,0.0,53.0,0.0,0.0,0.0,12.0,0.0,0.0,0.0,0.0,0.0
,,,,,,,,,,,,,,,,,,,,,,,,,,,,,,,,,,,,,,
Alt response,Alt response,Alt response,Alt response,Alt response,Alt response,Alt response,Alt response,Alt response,Alt response,Alt response,Alt response,Alt response,Alt response,Alt response,Alt response,Alt response,Alt response,Alt response,Alt response,Alt response,Alt response,Alt response,Alt response,Alt response,Alt response,Alt response,Alt response,Alt response,Alt response,Alt response,Alt response,Alt response,Alt response,Alt response,Alt response,Alt response,Alt response,Alt response
Phase 1,Phase 1,Phase 1,Phase 1,Phase 1,Phase 1,Phase 1,Phase 1,Phase 1,Phase 1,Phase 1,Phase 1,Phase 1,Phase 1,Phase 1,Phase 1,Phase 1,Phase 1,Phase 1,Phase 1,Phase 1,Phase 1,Phase 1,Phase 1,Phase 1,Phase 1,Phase 1,Phase 1,Phase 1,Phase 1,Phase 1,Phase 1,Phase 1,Phase 1,Phase 1,Phase 1,Phase 1,Phase 1,Phase 1
0.0,5.0,2.0,0.0,3.0,0.0,0.0,9.0,0.0,0.0,0.0,0.0,0.0,0.0,4.0,0.0,0.0,0.0,0.0,5.0,7.0,0.0,8.0,9.0,0.0,0.0,0.0,14.0,7.0,3.0,2.0,2.0,0.0,0.0,0.0,5.0,0.0,1.0,0.0
0.0,0.0,1.0,0.0,0.0,0.0,0.0,0.0,0.0,0.0,0.0,0.0,0.0,0.0,1.0,0.0,0.0,0.0,0.0,0.0,0.0,0.0,0.0,0.0,0.0,0.0,0.0,5.0,10.0,2.0,0.0,0.0,0.0,2.0,0.0,7.0,0.0,0.0,0.0
0.0,0.0,0.0,5.0,0.0,0.0,0.0,0.0,4.0,0.0,0.0,0.0,0.0,0.0,0.0,0.0,0.0,0.0,0.0,0.0,0.0,0.0,0.0,0.0,7.0,0.0,0.0,0.0,0.0,0.0,0.0,0.0,0.0,0.0,0.0,7.0,0.0,7.0,0.0
0.0,0.0,0.0,0.0,0.0,0.0,9.0,0.0,0.0,0.0,0.0,0.0,0.0,0.0,0.0,0.0,0.0,0.0,0.0,0.0,0.0,0.0,5.0,0.0,0.0,0.0,0.0,0.0,0.0,0.0,0.0,0.0,0.0,0.0,0.0,0.0,0.0,0.0,0.0
0.0,3.0,0.0,0.0,0.0,0.0,0.0,4.0,0.0,0.0,0.0,0.0,0.0,0.0,0.0,0.0,0.0,0.0,0.0,0.0,0.0,0.0,0.0,8.0,0.0,0.0,0.0,0.0,0.0,0.0,0.0,0.0,0.0,0.0,0.0,0.0,0.0,0.0,0.0
Phase 2,Phase 2,Phase 2,Phase 2,Phase 2,Phase 2,Phase 2,Phase 2,Phase 2,Phase 2,Phase 2,Phase 2,Phase 2,Phase 2,Phase 2,Phase 2,Phase 2,Phase 2,Phase 2,Phase 2,Phase 2,Phase 2,Phase 2,Phase 2,Phase 2,Phase 2,Phase 2,Phase 2,Phase 2,Phase 2,Phase 2,Phase 2,Phase 2,Phase 2,Phase 2,Phase 2,Phase 2,Phase 2,Phase 2
38.0,36.0,1.0,16.0,27.0,34.0,44.0,37.0,24.0,34.0,9.0,60.0,33.0,34.0,40.0,30.0,19.0,33.0,42.0,42.0,36.0,5.0,11.0,21.0,24.0,27.0,29.0,42.0,38.0,34.0,4.0,0.0,0.0,0.0,43.0,40.0,1.0,0.0,6.0
44.0,44.0,0.0,43.0,32.0,41.0,37.0,50.0,28.0,40.0,38.0,72.0,36.0,41.0,35.0,48.0,49.0,51.0,45.0,43.0,50.0,28.0,43.0,20.0,39.0,31.0,51.0,43.0,38.0,35.0,47.0,32.0,0.0,33.0,50.0,49.0,31.0,4.0,28.0
49.0,49.0,0.0,28.0,29.0,23.0,42.0,58.0,32.0,44.0,28.0,75.0,55.0,38.0,31.0,50.0,46.0,40.0,56.0,47.0,49.0,33.0,37.0,44.0,42.0,0.0,43.0,59.0,38.0,36.0,49.0,3.0,26.0,43.0,50.0,41.0,30.0,49.0,28.0
44.0,46.0,1.0,49.0,0.0,32.0,36.0,54.0,29.0,41.0,42.0,70.0,53.0,37.0,38.0,49.0,41.0,44.0,43.0,48.0,52.0,33.0,10.0,39.0,46.0,4.0,45.0,58.0,48.0,36.0,48.0,18.0,58.0,42.0,40.0,40.0,31.0,11.0,28.0
43.0,41.0,0.0,33.0,26.0,26.0,35.0,46.0,32.0,30.0,41.0,60.0,44.0,42.0,40.0,54.0,38.0,50.0,46.0,46.0,46.0,25.0,28.0,47.0,34.0,0.0,13.0,50.0,2.0,33.0,38.0,0.0,58.0,42.0,0.0,35.0,29.0,20.0,24.0
Phase 3,Phase 3,Phase 3,Phase 3,Phase 3,Phase 3,Phase 3,Phase 3,Phase 3,Phase 3,Phase 3,Phase 3,Phase 3,Phase 3,Phase 3,Phase 3,Phase 3,Phase 3,Phase 3,Phase 3,Phase 3,Phase 3,Phase 3,Phase 3,Phase 3,Phase 3,Phase 3,Phase 3,Phase 3,Phase 3,Phase 3,Phase 3,Phase 3,Phase 3,Phase 3,Phase 3,Phase 3,Phase 3,Phase 3
46.0,27.0,0.0,31.0,17.0,25.0,3.0,1.0,32.0,0.0,19.0,11.0,11.0,4.0,36.0,11.0,1.0,42.0,9.0,22.0,5.0,25.0,5.0,2.0,13.0,0.0,0.0,6.0,0.0,6.0,22.0,0.0,52.0,4.0,0.0,34.0,22.0,0.0,19.0
47.0,1.0,0.0,20.0,0.0,22.0,0.0,0.0,36.0,0.0,25.0,0.0,0.0,0.0,35.0,0.0,0.0,50.0,0.0,3.0,0.0,23.0,2.0,0.0,0.0,0.0,0.0,0.0,0.0,2.0,0.0,2.0,52.0,1.0,0.0,32.0,24.0,0.0,25.0
44.0,1.0,1.0,19.0,0.0,25.0,0.0,0.0,31.0,0.0,24.0,0.0,0.0,0.0,40.0,1.0,0.0,7.0,0.0,0.0,0.0,32.0,26.0,0.0,0.0,0.0,0.0,1.0,0.0,20.0,0.0,17.0,58.0,1.0,0.0,30.0,25.0,15.0,24.0
47.0,0.0,0.0,6.0,0.0,23.0,0.0,0.0,33.0,0.0,21.0,3.0,0.0,0.0,45.0,0.0,0.0,0.0,0.0,0.0,0.0,42.0,0.0,0.0,0.0,0.0,0.0,0.0,0.0,2.0,0.0,9.0,56.0,0.0,0.0,34.0,22.0,18.0,25.0
53.0,0.0,0.0,11.0,0.0,29.0,0.0,0.0,35.0,0.0,8.0,0.0,0.0,0.0,45.0,0.0,0.0,32.0,0.0,0.0,0.0,36.0,0.0,0.0,0.0,0.0,0.0,1.0,0.0,0.0,0.0,42.0,53.0,0.0,0.0,34.0,24.0,35.0,22.0
,,,,,,,,,,,,,,,,,,,,,,,,,,,,,,,,,,,,,,
Response on Left workplace,Response on Left workplace,Response on Left workplace,Response on Left workplace,Response on Left workplace,Response on Left workplace,Response on Left workplace,Response on Left workplace,Response on Left workplace,Response on Left workplace,Response on Left workplace,Response on Left workplace,Response on Left workplace,Response on Left workplace,Response on Left workplace,Response on Left workplace,Response on Left workplace,Response on Left workplace,Response on Left workplace,Response on Left workplace,Response on Left workplace,Response on Left workplace,Response on Left workplace,Response on Left workplace,Response on Left workplace,Response on Left workplace,Response on Left workplace,Response on Left workplace,Response on Left workplace,Response on Left workplace,Response on Left workplace,Response on Left workplace,Response on Left workplace,Response on Left workplace,Response on Left workplace,Response on Left workplace,Response on Left workplace,Response on Left workplace,Response on Left workplace
Phase 1,Phase 1,Phase 1,Phase 1,Phase 1,Phase 1,Phase 1,Phase 1,Phase 1,Phase 1,Phase 1,Phase 1,Phase 1,Phase 1,Phase 1,Phase 1,Phase 1,Phase 1,Phase 1,Phase 1,Phase 1,Phase 1,Phase 1,Phase 1,Phase 1,Phase 1,Phase 1,Phase 1,Phase 1,Phase 1,Phase 1,Phase 1,Phase 1,Phase 1,Phase 1,Phase 1,Phase 1,Phase 1,Phase 1
0.0,6.0,0.0,10.0,3.0,6.0,0.0,1.0,6.0,15.0,0.0,0.0,0.0,4.0,17.0,8.0,51.0,0.0,57.0,0.0,10.0,0.0,90.0,47.0,0.0,0.0,0.0,4.0,36.0,0.0,0.0,0.0,8.0,0.0,0.0,4.0,3.0,4.0,0.0
0.0,4.0,0.0,11.0,0.0,1.0,0.0,0.0,1.0,19.0,0.0,0.0,0.0,5.0,10.0,12.0,9.0,0.0,64.0,0.0,0.0,0.0,103.0,58.0,0.0,0.0,0.0,8.0,41.0,2.0,0.0,0.0,13.0,0.0,0.0,7.0,1.0,8.0,0.0
0.0,6.0,0.0,14.0,0.0,4.0,0.0,0.0,1.0,57.0,0.0,0.0,0.0,3.0,19.0,26.0,8.0,0.0,55.0,0.0,0.0,0.0,93.0,78.0,1.0,0.0,0.0,10.0,86.0,0.0,0.0,0.0,13.0,0.0,0.0,12.0,3.0,9.0,0.0
0.0,0.0,0.0,10.0,0.0,0.0,1.0,0.0,7.0,80.0,0.0,0.0,0.0,4.0,58.0,18.0,5.0,0.0,55.0,0.0,0.0,0.0,86.0,67.0,0.0,0.0,0.0,12.0,87.0,0.0,0.0,0.0,12.0,0.0,0.0,4.0,2.0,2.0,0.0
0.0,3.0,0.0,7.0,0.0,3.0,0.0,1.0,4.0,95.0,0.0,0.0,0.0,3.0,18.0,15.0,6.0,0.0,44.0,0.0,0.0,0.0,68.0,50.0,0.0,0.0,0.0,12.0,89.0,0.0,0.0,0.0,12.0,0.0,0.0,4.0,4.0,0.0,0.0
Phase 2,Phase 2,Phase 2,Phase 2,Phase 2,Phase 2,Phase 2,Phase 2,Phase 2,Phase 2,Phase 2,Phase 2,Phase 2,Phase 2,Phase 2,Phase 2,Phase 2,Phase 2,Phase 2,Phase 2,Phase 2,Phase 2,Phase 2,Phase 2,Phase 2,Phase 2,Phase 2,Phase 2,Phase 2,Phase 2,Phase 2,Phase 2,Phase 2,Phase 2,Phase 2,Phase 2,Phase 2,Phase 2,Phase 2
4.0,1.0,0.0,12.0,24.0,0.0,12.0,5.0,0.0,38.0,3.0,47.0,66.0,0.0,2.0,2.0,7.0,92.0,16.0,6.0,99.0,0.0,60.0,43.0,9.0,38.0,53.0,3.0,24.0,6.0,0.0,0.0,14.0,0.0,61.0,1.0,4.0,0.0,0.0
7.0,0.0,0.0,0.0,49.0,0.0,5.0,7.0,0.0,0.0,10.0,62.0,93.0,0.0,0.0,0.0,0.0,136.0,0.0,12.0,154.0,3.0,11.0,13.0,16.0,58.0,83.0,3.0,15.0,13.0,10.0,53.0,33.0,53.0,85.0,0.0,1.0,0.0,1.0
6.0,0.0,0.0,4.0,60.0,0.0,8.0,2.0,0.0,0.0,4.0,18.0,70.0,0.0,0.0,0.0,0.0,121.0,0.0,24.0,159.0,3.0,0.0,24.0,11.0,0.0,84.0,0.0,15.0,10.0,8.0,0.0,17.0,71.0,87.0,1.0,0.0,0.0,3.0
6.0,0.0,0.0,0.0,0.0,0.0,7.0,6.0,0.0,0.0,9.0,11.0,54.0,0.0,0.0,0.0,0.0,127.0,0.0,57.0,173.0,5.0,8.0,29.0,6.0,30.0,60.0,0.0,0.0,13.0,4.0,39.0,0.0,37.0,42.0,0.0,0.0,0.0,7.0
9.0,0.0,0.0,1.0,54.0,0.0,6.0,0.0,0.0,0.0,6.0,6.0,58.0,0.0,0.0,0.0,0.0,126.0,0.0,62.0,148.0,4.0,0.0,6.0,11.0,0.0,3.0,0.0,0.0,15.0,5.0,0.0,0.0,3.0,0.0,0.0,0.0,1.0,3.0
Phase 3,Phase 3,Phase 3,Phase 3,Phase 3,Phase 3,Phase 3,Phase 3,Phase 3,Phase 3,Phase 3,Phase 3,Phase 3,Phase 3,Phase 3,Phase 3,Phase 3,Phase 3,Phase 3,Phase 3,Phase 3,Phase 3,Phase 3,Phase 3,Phase 3,Phase 3,Phase 3,Phase 3,Phase 3,Phase 3,Phase 3,Phase 3,Phase 3,Phase 3,Phase 3,Phase 3,Phase 3,Phase 3,Phase 3
7.0,0.0,0.0,2.0,41.0,0.0,4.0,0.0,0.0,0.0,5.0,2.0,14.0,0.0,0.0,9.0,5.0,122.0,13.0,31.0,14.0,1.0,0.0,0.0,2.0,0.0,0.0,1.0,0.0,2.0,3.0,0.0,0.0,0.0,0.0,0.0,0.0,0.0,2.0
4.0,0.0,0.0,5.0,0.0,0.0,0.0,0.0,0.0,0.0,8.0,0.0,0.0,0.0,0.0,10.0,0.0,119.0,0.0,16.0,9.0,3.0,0.0,0.0,0.0,0.0,0.0,0.0,0.0,0.0,0.0,2.0,0.0,0.0,0.0,0.0,0.0,0.0,3.0
7.0,0.0,0.0,1.0,0.0,0.0,0.0,0.0,0.0,0.0,6.0,0.0,0.0,0.0,0.0,0.0,0.0,28.0,0.0,25.0,0.0,6.0,49.0,0.0,0.0,0.0,0.0,0.0,0.0,3.0,0.0,53.0,0.0,0.0,0.0,0.0,0.0,0.0,2.0
4.0,0.0,0.0,0.0,0.0,0.0,0.0,0.0,0.0,0.0,10.0,4.0,0.0,0.0,0.0,7.0,0.0,0.0,0.0,15.0,0.0,7.0,0.0,0.0,0.0,0.0,0.0,0.0,0.0,0.0,0.0,38.0,0.0,0.0,0.0,0.0,0.0,64.0,1.0
5.0,0.0,0.0,1.0,0.0,0.0,0.0,0.0,0.0,0.0,7.0,0.0,0.0,0.0,0.0,0.0,0.0,89.0,0.0,9.0,0.0,1.0,0.0,0.0,0.0,0.0,0.0,2.0,0.0,0.0,0.0,93.0,0.0,0.0,0.0,0.0,0.0,0.0,2.0
,,,,,,,,,,,,,,,,,,,,,,,,,,,,,,,,,,,,,,
Response on Right workplace,Response on Right workplace,Response on Right workplace,Response on Right workplace,Response on Right workplace,Response on Right workplace,Response on Right workplace,Response on Right workplace,Response on Right workplace,Response on Right workplace,Response on Right workplace,Response on Right workplace,Response on Right workplace,Response on Right workplace,Response on Right workplace,Response on Right workplace,Response on Right workplace,Response on Right workplace,Response on Right workplace,Response on Right workplace,Response on Right workplace,Response on Right workplace,Response on Right workplace,Response on Right workplace,Response on Right workplace,Response on Right workplace,Response on Right workplace,Response on Right workplace,Response on Right workplace,Response on Right workplace,Response on Right workplace,Response on Right workplace,Response on Right workplace,Response on Right workplace,Response on Right workplace,Response on Right workplace,Response on Right workplace,Response on Right workplace,Response on Right workplace
Phase 1,Phase 1,Phase 1,Phase 1,Phase 1,Phase 1,Phase 1,Phase 1,Phase 1,Phase 1,Phase 1,Phase 1,Phase 1,Phase 1,Phase 1,Phase 1,Phase 1,Phase 1,Phase 1,Phase 1,Phase 1,Phase 1,Phase 1,Phase 1,Phase 1,Phase 1,Phase 1,Phase 1,Phase 1,Phase 1,Phase 1,Phase 1,Phase 1,Phase 1,Phase 1,Phase 1,Phase 1,Phase 1,Phase 1
6.0,2.0,4.0,0.0,64.0,0.0,20.0,5.0,0.0,0.0,4.0,37.0,83.0,0.0,0.0,0.0,0.0,32.0,0.0,10.0,99.0,4.0,13.0,8.0,5.0,107.0,126.0,5.0,12.0,16.0,11.0,40.0,0.0,6.0,51.0,2.0,0.0,0.0,3.0
13.0,0.0,5.0,0.0,52.0,0.0,20.0,2.0,0.0,0.0,8.0,67.0,84.0,0.0,0.0,0.0,0.0,0.0,0.0,8.0,111.0,4.0,0.0,0.0,15.0,76.0,117.0,1.0,19.0,11.0,7.0,65.0,0.0,5.0,22.0,0.0,0.0,0.0,6.0
2.0,0.0,3.0,1.0,18.0,0.0,20.0,4.0,1.0,0.0,10.0,82.0,96.0,0.0,0.0,0.0,0.0,0.0,0.0,11.0,145.0,2.0,0.0,0.0,9.0,57.0,108.0,0.0,0.0,7.0,6.0,8.0,0.0,2.0,56.0,7.0,0.0,1.0,1.0
6.0,0.0,0.0,0.0,32.0,0.0,33.0,4.0,0.0,0.0,9.0,49.0,89.0,0.0,0.0,0.0,0.0,0.0,0.0,10.0,166.0,4.0,10.0,0.0,8.0,0.0,102.0,0.0,0.0,14.0,3.0,52.0,0.0,3.0,69.0,0.0,0.0,0.0,0.0
14.0,0.0,0.0,0.0,18.0,0.0,19.0,4.0,0.0,0.0,10.0,59.0,86.0,0.0,0.0,0.0,0.0,57.0,0.0,6.0,150.0,3.0,0.0,9.0,11.0,76.0,124.0,0.0,0.0,11.0,4.0,16.0,0.0,6.0,57.0,0.0,0.0,0.0,0.0
Phase 2,Phase 2,Phase 2,Phase 2,Phase 2,Phase 2,Phase 2,Phase 2,Phase 2,Phase 2,Phase 2,Phase 2,Phase 2,Phase 2,Phase 2,Phase 2,Phase 2,Phase 2,Phase 2,Phase 2,Phase 2,Phase 2,Phase 2,Phase 2,Phase 2,Phase 2,Phase 2,Phase 2,Phase 2,Phase 2,Phase 2,Phase 2,Phase 2,Phase 2,Phase 2,Phase 2,Phase 2,Phase 2,Phase 2
2.0,6.0,4.0,3.0,1.0,1.0,7.0,0.0,2.0,81.0,5.0,14.0,12.0,2.0,30.0,6.0,3.0,11.0,42.0,0.0,38.0,3.0,23.0,61.0,3.0,27.0,41.0,11.0,73.0,1.0,5.0,29.0,0.0,2.0,17.0,5.0,0.0,0.0,1.0
0.0,3.0,0.0,18.0,0.0,3.0,0.0,0.0,2.0,93.0,0.0,0.0,0.0,2.0,45.0,8.0,7.0,0.0,56.0,0.0,0.0,0.0,86.0,34.0,0.0,0.0,0.0,11.0,63.0,0.0,0.0,7.0,0.0,4.0,0.0,7.0,3.0,3.0,0.0
0.0,2.0,0.0,8.0,0.0,0.0,0.0,0.0,2.0,87.0,4.0,0.0,0.0,6.0,39.0,1.0,2.0,8.0,57.0,0.0,0.0,0.0,77.0,80.0,2.0,0.0,12.0,7.0,62.0,0.0,0.0,0.0,53.0,11.0,0.0,3.0,4.0,36.0,0.0
0.0,0.0,1.0,2.0,0.0,8.0,0.0,0.0,6.0,12.0,0.0,0.0,0.0,1.0,43.0,15.0,5.0,0.0,63.0,0.0,0.0,0.0,29.0,74.0,1.0,7.0,7.0,6.0,53.0,0.0,0.0,3.0,109.0,7.0,0.0,3.0,1.0,34.0,0.0
0.0,8.0,0.0,6.0,0.0,4.0,0.0,0.0,6.0,12.0,0.0,0.0,0.0,0.0,46.0,10.0,2.0,0.0,55.0,0.0,0.0,0.0,22.0,92.0,0.0,0.0,0.0,10.0,0.0,0.0,0.0,0.0,105.0,0.0,0.0,7.0,2.0,5.0,0.0
Phase 3,Phase 3,Phase 3,Phase 3,Phase 3,Phase 3,Phase 3,Phase 3,Phase 3,Phase 3,Phase 3,Phase 3,Phase 3,Phase 3,Phase 3,Phase 3,Phase 3,Phase 3,Phase 3,Phase 3,Phase 3,Phase 3,Phase 3,Phase 3,Phase 3,Phase 3,Phase 3,Phase 3,Phase 3,Phase 3,Phase 3,Phase 3,Phase 3,Phase 3,Phase 3,Phase 3,Phase 3,Phase 3,Phase 3
0.0,5.0,1.0,6.0,0.0,1.0,2.0,1.0,6.0,0.0,4.0,13.0,1.0,0.0,39.0,3.0,0.0,4.0,10.0,8.0,0.0,0.0,8.0,3.0,2.0,0.0,0.0,1.0,0.0,13.0,0.0,0.0,107.0,32.0,0.0,0.0,5.0,0.0,0.0
0.0,0.0,0.0,7.0,0.0,3.0,0.0,0.0,1.0,0.0,2.0,7.0,0.0,0.0,36.0,0.0,0.0,0.0,0.0,1.0,9.0,0.0,3.0,0.0,0.0,0.0,0.0,0.0,0.0,12.0,0.0,0.0,88.0,75.0,0.0,3.0,7.0,0.0,0.0
0.0,0.0,0.0,2.0,0.0,2.0,0.0,0.0,3.0,0.0,14.0,0.0,0.0,0.0,36.0,2.0,0.0,0.0,0.0,0.0,0.0,0.0,71.0,0.0,0.0,0.0,0.0,1.0,0.0,3.0,0.0,0.0,89.0,73.0,0.0,1.0,3.0,56.0,0.0
0.0,0.0,0.0,1.0,0.0,3.0,0.0,0.0,7.0,0.0,0.0,19.0,0.0,0.0,42.0,0.0,0.0,0.0,0.0,0.0,0.0,0.0,0.0,0.0,0.0,0.0,0.0,0.0,0.0,11.0,0.0,0.0,90.0,74.0,0.0,5.0,6.0,101.0,0.0
0.0,0.0,0.0,2.0,0.0,3.0,0.0,0.0,7.0,0.0,0.0,0.0,0.0,0.0,39.0,0.0,0.0,0.0,0.0,0.0,0.0,0.0,0.0,0.0,0.0,0.0,0.0,1.0,0.0,36.0,0.0,0.0,96.0,37.0,0.0,5.0,2.0,14.0,0.0
,,,,,,,,,,,,,,,,,,,,,,,,,,,,,,,,,,,,,,
Response on Bar point,Response on Bar point,Response on Bar point,Response on Bar point,Response on Bar point,Response on Bar point,Response on Bar point,Response on Bar point,Response on Bar point,Response on Bar point,Response on Bar point,Response on Bar point,Response on Bar point,Response on Bar point,Response on Bar point,Response on Bar point,Response on Bar point,Response on Bar point,Response on Bar point,Response on Bar point,Response on Bar point,Response on Bar point,Response on Bar point,Response on Bar point,Response on Bar point,Response on Bar point,Response on Bar point,Response on Bar point,Response on Bar point,Response on Bar point,Response on Bar point,Response on Bar point,Response on Bar point,Response on Bar point,Response on Bar point,Response on Bar point,Response on Bar point,Response on Bar point,Response on Bar point
Phase 1,Phase 1,Phase 1,Phase 1,Phase 1,Phase 1,Phase 1,Phase 1,Phase 1,Phase 1,Phase 1,Phase 1,Phase 1,Phase 1,Phase 1,Phase 1,Phase 1,Phase 1,Phase 1,Phase 1,Phase 1,Phase 1,Phase 1,Phase 1,Phase 1,Phase 1,Phase 1,Phase 1,Phase 1,Phase 1,Phase 1,Phase 1,Phase 1,Phase 1,Phase 1,Phase 1,Phase 1,Phase 1,Phase 1
0.0,0.0,0.0,0.0,0.0,0.0,0.0,0.0,0.0,0.0,0.0,0.0,0.0,0.0,0.0,0.0,0.0,0.0,0.0,0.0,0.0,0.0,0.0,0.0,0.0,0.0,0.0,0.0,0.0,0.0,0.0,0.0,0.0,0.0,0.0,0.0,0.0,0.0,0.0
0.0,0.0,0.0,0.0,0.0,0.0,0.0,0.0,0.0,0.0,0.0,0.0,0.0,0.0,0.0,0.0,0.0,0.0,0.0,0.0,0.0,0.0,0.0,0.0,0.0,0.0,0.0,0.0,0.0,0.0,0.0,0.0,0.0,0.0,0.0,0.0,0.0,0.0,0.0
0.0,0.0,0.0,0.0,0.0,0.0,0.0,0.0,0.0,0.0,0.0,0.0,0.0,0.0,0.0,0.0,0.0,0.0,0.0,0.0,0.0,0.0,0.0,0.0,0.0,0.0,0.0,0.0,0.0,0.0,0.0,0.0,0.0,0.0,0.0,0.0,0.0,0.0,0.0
0.0,0.0,0.0,0.0,0.0,0.0,0.0,0.0,0.0,0.0,0.0,0.0,0.0,0.0,0.0,0.0,0.0,0.0,0.0,0.0,0.0,0.0,0.0,0.0,0.0,0.0,0.0,0.0,0.0,0.0,0.0,0.0,0.0,0.0,0.0,0.0,0.0,0.0,0.0
0.0,0.0,0.0,0.0,0.0,0.0,0.0,0.0,0.0,0.0,0.0,0.0,0.0,0.0,0.0,0.0,0.0,0.0,0.0,0.0,0.0,0.0,0.0,0.0,0.0,0.0,0.0,0.0,0.0,0.0,0.0,0.0,0.0,0.0,0.0,0.0,0.0,0.0,0.0
Phase 2,Phase 2,Phase 2,Phase 2,Phase 2,Phase 2,Phase 2,Phase 2,Phase 2,Phase 2,Phase 2,Phase 2,Phase 2,Phase 2,Phase 2,Phase 2,Phase 2,Phase 2,Phase 2,Phase 2,Phase 2,Phase 2,Phase 2,Phase 2,Phase 2,Phase 2,Phase 2,Phase 2,Phase 2,Phase 2,Phase 2,Phase 2,Phase 2,Phase 2,Phase 2,Phase 2,Phase 2,Phase 2,Phase 2
0.0,0.0,1.0,0.0,0.0,0.0,0.0,0.0,0.0,0.0,0.0,0.0,0.0,0.0,0.0,0.0,0.0,0.0,0.0,0.0,0.0,0.0,0.0,0.0,0.0,0.0,0.0,0.0,0.0,0.0,0.0,0.0,0.0,0.0,0.0,0.0,0.0,0.0,0.0
0.0,0.0,0.0,0.0,0.0,0.0,0.0,0.0,0.0,0.0,0.0,0.0,0.0,0.0,0.0,0.0,0.0,0.0,0.0,0.0,0.0,0.0,0.0,0.0,0.0,0.0,0.0,0.0,0.0,0.0,0.0,0.0,0.0,0.0,0.0,0.0,0.0,0.0,0.0
0.0,0.0,0.0,0.0,0.0,0.0,0.0,0.0,0.0,0.0,0.0,0.0,0.0,0.0,0.0,0.0,0.0,0.0,0.0,0.0,0.0,0.0,0.0,0.0,0.0,0.0,0.0,0.0,0.0,0.0,0.0,0.0,0.0,0.0,0.0,0.0,0.0,0.0,0.0
0.0,0.0,0.0,0.0,0.0,0.0,0.0,0.0,0.0,0.0,0.0,0.0,0.0,0.0,0.0,0.0,0.0,0.0,0.0,0.0,0.0,0.0,0.0,0.0,0.0,0.0,0.0,0.0,0.0,0.0,0.0,0.0,0.0,0.0,0.0,0.0,0.0,0.0,0.0
0.0,0.0,0.0,0.0,0.0,0.0,0.0,0.0,0.0,0.0,0.0,0.0,0.0,0.0,0.0,0.0,0.0,0.0,0.0,0.0,0.0,0.0,0.0,0.0,0.0,0.0,0.0,0.0,0.0,0.0,0.0,0.0,0.0,0.0,0.0,0.0,0.0,0.0,0.0
Phase 3,Phase 3,Phase 3,Phase 3,Phase 3,Phase 3,Phase 3,Phase 3,Phase 3,Phase 3,Phase 3,Phase 3,Phase 3,Phase 3,Phase 3,Phase 3,Phase 3,Phase 3,Phase 3,Phase 3,Phase 3,Phase 3,Phase 3,Phase 3,Phase 3,Phase 3,Phase 3,Phase 3,Phase 3,Phase 3,Phase 3,Phase 3,Phase 3,Phase 3,Phase 3,Phase 3,Phase 3,Phase 3,Phase 3
0.0,0.0,0.0,0.0,0.0,0.0,1.0,0.0,0.0,0.0,0.0,0.0,0.0,0.0,0.0,0.0,0.0,0.0,0.0,0.0,0.0,0.0,0.0,0.0,0.0,0.0,0.0,0.0,0.0,0.0,0.0,0.0,0.0,0.0,0.0,0.0,0.0,0.0,0.0
0.0,0.0,0.0,0.0,0.0,0.0,0.0,0.0,0.0,0.0,0.0,0.0,0.0,0.0,0.0,0.0,0.0,0.0,0.0,0.0,0.0,0.0,0.0,0.0,0.0,0.0,0.0,0.0,0.0,0.0,0.0,0.0,0.0,0.0,0.0,0.0,0.0,0.0,0.0
0.0,0.0,0.0,0.0,0.0,0.0,0.0,0.0,0.0,0.0,0.0,0.0,0.0,0.0,0.0,0.0,0.0,0.0,0.0,0.0,0.0,0.0,0.0,0.0,0.0,0.0,0.0,0.0,0.0,0.0,0.0,0.0,0.0,0.0,0.0,0.0,0.0,0.0,0.0
0.0,0.0,0.0,0.0,0.0,0.0,0.0,0.0,0.0,0.0,0.0,0.0,0.0,0.0,0.0,0.0,0.0,0.0,0.0,0.0,0.0,0.0,0.0,0.0,0.0,0.0,0.0,0.0,0.0,0.0,0.0,0.0,0.0,0.0,0.0,0.0,0.0,0.0,0.0
0.0,0.0,0.0,0.0,0.0,0.0,0.0,0.0,0.0,0.0,0.0,0.0,0.0,0.0,0.0,0.0,0.0,0.0,0.0,0.0,0.0,0.0,0.0,0.0,0.0,0.0,0.0,0.0,0.0,0.0,0.0,0.0,0.0,0.0,0.0,0.0,0.0,0.0,0.0
,,,,,,,,,,,,,,,,,,,,,,,,,,,,,,,,,,,,,,
No responses were recorded for type Response on Bar point label,,,,,,,,,,,,,,,,,,,,,,,,,,,,,,,,,,,,,,
,,,,,,,,,,,,,,,,,,,,,,,,,,,,,,,,,,,,,,
No responses were recorded for type Response on US dollar label,,,,,,,,,,,,,,,,,,,,,,,,,,,,,,,,,,,,,,
,,,,,,,,,,,,,,,,,,,,,,,,,,,,,,,,,,,,,,
No responses were recorded for type Response on Net gain,,,,,,,,,,,,,,,,,,,,,,,,,,,,,,,,,,,,,,
,,,,,,,,,,,,,,,,,,,,,,,,,,,,,,,,,,,,,,
Response on Background,Response on Background,Response on Background,Response on Background,Response on Background,Response on Background,Response on Background,Response on Background,Response on Background,Response on Background,Response on Background,Response on Background,Response on Background,Response on Background,Response on Background,Response on Background,Response on Background,Response on Background,Response on Background,Response on Background,Response on Background,Response on Background,Response on Background,Response on Background,Response on Background,Response on Background,Response on Background,Response on Background,Response on Background,Response on Background,Response on Background,Response on Background,Response on Background,Response on Background,Response on Background,Response on Background,Response on Background,Response on Background,Response on Background
Phase 1,Phase 1,Phase 1,Phase 1,Phase 1,Phase 1,Phase 1,Phase 1,Phase 1,Phase 1,Phase 1,Phase 1,Phase 1,Phase 1,Phase 1,Phase 1,Phase 1,Phase 1,Phase 1,Phase 1,Phase 1,Phase 1,Phase 1,Phase 1,Phase 1,Phase 1,Phase 1,Phase 1,Phase 1,Phase 1,Phase 1,Phase 1,Phase 1,Phase 1,Phase 1,Phase 1,Phase 1,Phase 1,Phase 1
0.0,0.0,0.0,0.0,0.0,0.0,0.0,0.0,0.0,0.0,0.0,1.0,0.0,0.0,0.0,0.0,0.0,0.0,5.0,0.0,0.0,0.0,0.0,0.0,0.0,0.0,0.0,0.0,0.0,0.0,0.0,0.0,0.0,0.0,0.0,0.0,0.0,0.0,0.0
0.0,0.0,0.0,0.0,0.0,0.0,0.0,0.0,0.0,0.0,0.0,0.0,0.0,0.0,0.0,0.0,0.0,0.0,2.0,0.0,0.0,0.0,0.0,0.0,0.0,0.0,0.0,0.0,0.0,0.0,1.0,1.0,0.0,0.0,0.0,0.0,0.0,0.0,0.0
0.0,0.0,0.0,0.0,0.0,0.0,0.0,0.0,0.0,0.0,0.0,1.0,0.0,0.0,0.0,0.0,0.0,0.0,2.0,0.0,1.0,0.0,0.0,0.0,0.0,0.0,0.0,0.0,0.0,0.0,0.0,0.0,0.0,1.0,0.0,0.0,0.0,0.0,0.0
0.0,0.0,0.0,0.0,0.0,0.0,0.0,0.0,0.0,0.0,0.0,0.0,0.0,0.0,0.0,0.0,0.0,0.0,2.0,0.0,0.0,0.0,0.0,0.0,0.0,0.0,0.0,0.0,0.0,0.0,0.0,0.0,0.0,12.0,0.0,0.0,0.0,0.0,0.0
0.0,0.0,0.0,0.0,0.0,0.0,0.0,0.0,0.0,0.0,0.0,1.0,0.0,0.0,0.0,0.0,0.0,0.0,0.0,0.0,0.0,0.0,0.0,0.0,0.0,0.0,0.0,0.0,0.0,0.0,0.0,0.0,0.0,0.0,0.0,0.0,0.0,0.0,0.0
Phase 2,Phase 2,Phase 2,Phase 2,Phase 2,Phase 2,Phase 2,Phase 2,Phase 2,Phase 2,Phase 2,Phase 2,Phase 2,Phase 2,Phase 2,Phase 2,Phase 2,Phase 2,Phase 2,Phase 2,Phase 2,Phase 2,Phase 2,Phase 2,Phase 2,Phase 2,Phase 2,Phase 2,Phase 2,Phase 2,Phase 2,Phase 2,Phase 2,Phase 2,Phase 2,Phase 2,Phase 2,Phase 2,Phase 2
0.0,0.0,0.0,0.0,0.0,0.0,0.0,0.0,0.0,0.0,0.0,0.0,1.0,0.0,1.0,0.0,0.0,0.0,1.0,0.0,3.0,0.0,0.0,0.0,0.0,0.0,0.0,0.0,0.0,0.0,0.0,0.0,0.0,9.0,0.0,0.0,0.0,0.0,0.0
0.0,0.0,0.0,0.0,0.0,0.0,0.0,0.0,0.0,0.0,0.0,0.0,0.0,0.0,0.0,0.0,0.0,1.0,1.0,0.0,0.0,0.0,0.0,0.0,0.0,0.0,0.0,0.0,0.0,0.0,0.0,0.0,0.0,0.0,0.0,0.0,0.0,0.0,0.0
0.0,0.0,0.0,0.0,0.0,0.0,0.0,0.0,0.0,1.0,0.0,0.0,1.0,0.0,0.0,0.0,0.0,0.0,1.0,0.0,0.0,0.0,0.0,0.0,0.0,0.0,1.0,0.0,0.0,0.0,0.0,0.0,0.0,1.0,2.0,0.0,0.0,0.0,0.0
0.0,0.0,0.0,0.0,0.0,0.0,0.0,0.0,0.0,0.0,0.0,0.0,1.0,0.0,1.0,0.0,0.0,0.0,1.0,0.0,0.0,0.0,0.0,0.0,0.0,2.0,0.0,0.0,1.0,0.0,0.0,1.0,0.0,0.0,0.0,0.0,0.0,0.0,0.0
0.0,0.0,0.0,0.0,0.0,0.0,0.0,0.0,0.0,0.0,0.0,0.0,1.0,0.0,0.0,0.0,0.0,0.0,0.0,0.0,0.0,0.0,0.0,0.0,0.0,0.0,0.0,0.0,0.0,0.0,0.0,0.0,0.0,0.0,0.0,0.0,0.0,0.0,0.0
Phase 3,Phase 3,Phase 3,Phase 3,Phase 3,Phase 3,Phase 3,Phase 3,Phase 3,Phase 3,Phase 3,Phase 3,Phase 3,Phase 3,Phase 3,Phase 3,Phase 3,Phase 3,Phase 3,Phase 3,Phase 3,Phase 3,Phase 3,Phase 3,Phase 3,Phase 3,Phase 3,Phase 3,Phase 3,Phase 3,Phase 3,Phase 3,Phase 3,Phase 3,Phase 3,Phase 3,Phase 3,Phase 3,Phase 3
0.0,0.0,0.0,0.0,0.0,0.0,0.0,0.0,0.0,0.0,0.0,0.0,1.0,0.0,0.0,0.0,0.0,0.0,1.0,0.0,0.0,0.0,0.0,0.0,3.0,0.0,0.0,1.0,0.0,0.0,0.0,0.0,0.0,0.0,0.0,0.0,0.0,0.0,0.0
0.0,0.0,0.0,0.0,0.0,0.0,0.0,0.0,0.0,0.0,0.0,1.0,0.0,0.0,0.0,5.0,0.0,0.0,0.0,4.0,3.0,0.0,1.0,0.0,0.0,0.0,0.0,0.0,0.0,0.0,0.0,0.0,2.0,0.0,0.0,0.0,0.0,0.0,0.0
0.0,0.0,1.0,0.0,0.0,0.0,0.0,0.0,0.0,0.0,0.0,0.0,0.0,0.0,0.0,1.0,0.0,0.0,0.0,0.0,0.0,0.0,2.0,0.0,0.0,0.0,0.0,2.0,0.0,0.0,0.0,0.0,0.0,0.0,0.0,0.0,0.0,0.0,0.0
0.0,0.0,0.0,0.0,0.0,0.0,0.0,0.0,0.0,0.0,0.0,0.0,0.0,0.0,1.0,1.0,0.0,0.0,0.0,0.0,0.0,0.0,0.0,0.0,0.0,0.0,0.0,0.0,0.0,0.0,0.0,1.0,1.0,0.0,0.0,0.0,0.0,0.0,0.0
0.0,0.0,1.0,4.0,0.0,0.0,0.0,0.0,0.0,0.0,0.0,2.0,0.0,0.0,3.0,0.0,0.0,0.0,0.0,0.0,0.0,0.0,0.0,0.0,0.0,0.0,0.0,0.0,0.0,0.0,0.0,0.0,1.0,0.0,0.0,0.0,0.0,0.0,0.0
,,,,,,,,,,,,,,,,,,,,,,,,,,,,,,,,,,,,,,
No responses were recorded for type Response on Blackout background,,,,,,,,,,,,,,,,,,,,,,,,,,,,,,,,,,,,,,
,,,,,,,,,,,,,,,,,,,,,,,,,,,,,,,,,,,,,,
Response on Left star,Response on Left star,Response on Left star,Response on Left star,Response on Left star,Response on Left star,Response on Left star,Response on Left star,Response on Left star,Response on Left star,Response on Left star,Response on Left star,Response on Left star,Response on Left star,Response on Left star,Response on Left star,Response on Left star,Response on Left star,Response on Left star,Response on Left star,Response on Left star,Response on Left star,Response on Left star,Response on Left star,Response on Left star,Response on Left star,Response on Left star,Response on Left star,Response on Left star,Response on Left star,Response on Left star,Response on Left star,Response on Left star,Response on Left star,Response on Left star,Response on Left star,Response on Left star,Response on Left star,Response on Left star
Phase 1,Phase 1,Phase 1,Phase 1,Phase 1,Phase 1,Phase 1,Phase 1,Phase 1,Phase 1,Phase 1,Phase 1,Phase 1,Phase 1,Phase 1,Phase 1,Phase 1,Phase 1,Phase 1,Phase 1,Phase 1,Phase 1,Phase 1,Phase 1,Phase 1,Phase 1,Phase 1,Phase 1,Phase 1,Phase 1,Phase 1,Phase 1,Phase 1,Phase 1,Phase 1,Phase 1,Phase 1,Phase 1,Phase 1
0.0,0.0,0.0,0.0,1.0,0.0,0.0,0.0,0.0,0.0,0.0,0.0,0.0,0.0,1.0,0.0,1.0,0.0,2.0,0.0,4.0,0.0,7.0,6.0,0.0,0.0,0.0,0.0,5.0,0.0,0.0,2.0,0.0,0.0,0.0,0.0,0.0,0.0,0.0
0.0,0.0,0.0,0.0,0.0,0.0,0.0,0.0,0.0,0.0,0.0,0.0,0.0,0.0,0.0,0.0,0.0,0.0,2.0,0.0,0.0,0.0,5.0,0.0,0.0,0.0,0.0,0.0,1.0,1.0,0.0,0.0,0.0,0.0,0.0,0.0,0.0,0.0,0.0
0.0,0.0,0.0,0.0,0.0,0.0,0.0,0.0,0.0,4.0,0.0,0.0,0.0,0.0,0.0,0.0,0.0,0.0,0.0,0.0,0.0,0.0,4.0,4.0,0.0,0.0,0.0,0.0,3.0,0.0,0.0,0.0,0.0,0.0,0.0,1.0,0.0,0.0,0.0
0.0,0.0,0.0,0.0,0.0,0.0,1.0,0.0,0.0,3.0,0.0,0.0,0.0,0.0,3.0,0.0,0.0,0.0,0.0,0.0,0.0,0.0,3.0,1.0,0.0,0.0,0.0,0.0,4.0,0.0,0.0,0.0,0.0,0.0,0.0,0.0,0.0,0.0,0.0
0.0,0.0,0.0,0.0,0.0,0.0,0.0,0.0,0.0,9.0,0.0,0.0,0.0,0.0,0.0,1.0,0.0,0.0,0.0,0.0,0.0,0.0,0.0,3.0,0.0,0.0,0.0,0.0,4.0,0.0,0.0,0.0,0.0,0.0,0.0,0.0,0.0,0.0,0.0
Phase 2,Phase 2,Phase 2,Phase 2,Phase 2,Phase 2,Phase 2,Phase 2,Phase 2,Phase 2,Phase 2,Phase 2,Phase 2,Phase 2,Phase 2,Phase 2,Phase 2,Phase 2,Phase 2,Phase 2,Phase 2,Phase 2,Phase 2,Phase 2,Phase 2,Phase 2,Phase 2,Phase 2,Phase 2,Phase 2,Phase 2,Phase 2,Phase 2,Phase 2,Phase 2,Phase 2,Phase 2,Phase 2,Phase 2
0.0,0.0,0.0,0.0,2.0,0.0,0.0,0.0,0.0,0.0,2.0,2.0,3.0,0.0,0.0,0.0,0.0,6.0,0.0,0.0,2.0,0.0,0.0,0.0,1.0,5.0,4.0,0.0,0.0,0.0,0.0,0.0,0.0,0.0,4.0,0.0,0.0,0.0,0.0
0.0,0.0,0.0,0.0,1.0,0.0,0.0,0.0,0.0,0.0,0.0,1.0,1.0,0.0,0.0,0.0,0.0,3.0,0.0,0.0,10.0,0.0,0.0,0.0,0.0,1.0,5.0,0.0,0.0,0.0,0.0,2.0,0.0,1.0,2.0,0.0,0.0,0.0,0.0
0.0,0.0,0.0,0.0,3.0,0.0,0.0,0.0,0.0,0.0,0.0,0.0,2.0,0.0,0.0,0.0,0.0,2.0,0.0,0.0,4.0,0.0,0.0,0.0,0.0,0.0,4.0,0.0,0.0,0.0,0.0,0.0,0.0,4.0,3.0,0.0,0.0,0.0,0.0
0.0,0.0,0.0,0.0,0.0,0.0,0.0,0.0,0.0,0.0,0.0,0.0,0.0,0.0,0.0,0.0,0.0,1.0,0.0,1.0,4.0,0.0,0.0,0.0,0.0,0.0,5.0,0.0,0.0,0.0,0.0,0.0,0.0,3.0,2.0,0.0,0.0,0.0,0.0
0.0,0.0,0.0,0.0,1.0,0.0,0.0,0.0,0.0,0.0,0.0,0.0,0.0,0.0,0.0,0.0,0.0,5.0,0.0,3.0,5.0,0.0,0.0,0.0,0.0,0.0,0.0,0.0,0.0,1.0,0.0,0.0,0.0,0.0,0.0,0.0,0.0,0.0,0.0
Phase 3,Phase 3,Phase 3,Phase 3,Phase 3,Phase 3,Phase 3,Phase 3,Phase 3,Phase 3,Phase 3,Phase 3,Phase 3,Phase 3,Phase 3,Phase 3,Phase 3,Phase 3,Phase 3,Phase 3,Phase 3,Phase 3,Phase 3,Phase 3,Phase 3,Phase 3,Phase 3,Phase 3,Phase 3,Phase 3,Phase 3,Phase 3,Phase 3,Phase 3,Phase 3,Phase 3,Phase 3,Phase 3,Phase 3
0.0,0.0,0.0,0.0,1.0,0.0,0.0,0.0,0.0,0.0,0.0,0.0,1.0,0.0,0.0,0.0,0.0,2.0,0.0,0.0,1.0,0.0,0.0,0.0,0.0,0.0,0.0,0.0,0.0,0.0,0.0,0.0,0.0,0.0,0.0,0.0,0.0,0.0,0.0
0.0,0.0,0.0,0.0,0.0,0.0,0.0,0.0,0.0,0.0,0.0,0.0,0.0,0.0,0.0,0.0,0.0,4.0,0.0,0.0,0.0,0.0,0.0,0.0,0.0,0.0,0.0,0.0,0.0,0.0,0.0,0.0,0.0,0.0,0.0,0.0,0.0,0.0,0.0
0.0,0.0,0.0,0.0,0.0,0.0,0.0,0.0,0.0,0.0,0.0,0.0,0.0,0.0,0.0,0.0,0.0,0.0,0.0,0.0,0.0,0.0,0.0,0.0,0.0,0.0,0.0,0.0,0.0,0.0,0.0,1.0,0.0,0.0,0.0,0.0,0.0,0.0,0.0
0.0,0.0,0.0,0.0,0.0,0.0,0.0,0.0,0.0,0.0,0.0,0.0,0.0,0.0,0.0,0.0,0.0,0.0,0.0,0.0,0.0,1.0,0.0,0.0,0.0,0.0,0.0,0.0,0.0,0.0,0.0,2.0,0.0,0.0,0.0,0.0,0.0,0.0,0.0
1.0,0.0,0.0,0.0,0.0,0.0,0.0,0.0,0.0,0.0,0.0,0.0,0.0,0.0,0.0,0.0,0.0,5.0,0.0,0.0,0.0,0.0,0.0,0.0,0.0,0.0,0.0,0.0,0.0,0.0,0.0,3.0,0.0,0.0,0.0,0.0,0.0,0.0,0.0
,,,,,,,,,,,,,,,,,,,,,,,,,,,,,,,,,,,,,,
No responses were recorded for type Response on Right star,,,,,,,,,,,,,,,,,,,,,,,,,,,,,,,,,,,,,,
,,,,,,,,,,,,,,,,,,,,,,,,,,,,,,,,,,,,,,
Response on Left gain point,Response on Left gain point,Response on Left gain point,Response on Left gain point,Response on Left gain point,Response on Left gain point,Response on Left gain point,Response on Left gain point,Response on Left gain point,Response on Left gain point,Response on Left gain point,Response on Left gain point,Response on Left gain point,Response on Left gain point,Response on Left gain point,Response on Left gain point,Response on Left gain point,Response on Left gain point,Response on Left gain point,Response on Left gain point,Response on Left gain point,Response on Left gain point,Response on Left gain point,Response on Left gain point,Response on Left gain point,Response on Left gain point,Response on Left gain point,Response on Left gain point,Response on Left gain point,Response on Left gain point,Response on Left gain point,Response on Left gain point,Response on Left gain point,Response on Left gain point,Response on Left gain point,Response on Left gain point,Response on Left gain point,Response on Left gain point,Response on Left gain point
Phase 1,Phase 1,Phase 1,Phase 1,Phase 1,Phase 1,Phase 1,Phase 1,Phase 1,Phase 1,Phase 1,Phase 1,Phase 1,Phase 1,Phase 1,Phase 1,Phase 1,Phase 1,Phase 1,Phase 1,Phase 1,Phase 1,Phase 1,Phase 1,Phase 1,Phase 1,Phase 1,Phase 1,Phase 1,Phase 1,Phase 1,Phase 1,Phase 1,Phase 1,Phase 1,Phase 1,Phase 1,Phase 1,Phase 1
0.0,0.0,0.0,0.0,0.0,0.0,0.0,0.0,0.0,0.0,0.0,0.0,0.0,0.0,0.0,0.0,0.0,0.0,0.0,0.0,0.0,0.0,0.0,1.0,0.0,0.0,0.0,0.0,0.0,0.0,0.0,0.0,0.0,0.0,0.0,0.0,0.0,0.0,0.0
0.0,0.0,0.0,0.0,0.0,0.0,0.0,0.0,0.0,0.0,0.0,0.0,0.0,0.0,0.0,0.0,0.0,0.0,0.0,0.0,0.0,0.0,0.0,2.0,0.0,0.0,0.0,0.0,0.0,0.0,0.0,0.0,0.0,0.0,0.0,0.0,0.0,0.0,0.0
0.0,0.0,0.0,0.0,0.0,0.0,0.0,0.0,0.0,0.0,0.0,0.0,0.0,0.0,0.0,0.0,0.0,0.0,0.0,0.0,0.0,0.0,0.0,0.0,0.0,0.0,0.0,0.0,1.0,0.0,0.0,0.0,0.0,0.0,0.0,0.0,0.0,0.0,0.0
0.0,0.0,0.0,0.0,0.0,0.0,0.0,0.0,0.0,0.0,0.0,0.0,0.0,0.0,0.0,0.0,0.0,0.0,0.0,0.0,0.0,0.0,0.0,0.0,0.0,0.0,0.0,0.0,0.0,0.0,0.0,0.0,0.0,0.0,0.0,0.0,0.0,0.0,0.0
0.0,0.0,0.0,0.0,0.0,0.0,0.0,0.0,0.0,0.0,0.0,0.0,0.0,0.0,0.0,0.0,0.0,0.0,0.0,0.0,0.0,0.0,0.0,0.0,0.0,0.0,0.0,0.0,2.0,0.0,0.0,0.0,0.0,0.0,0.0,0.0,0.0,0.0,0.0
Phase 2,Phase 2,Phase 2,Phase 2,Phase 2,Phase 2,Phase 2,Phase 2,Phase 2,Phase 2,Phase 2,Phase 2,Phase 2,Phase 2,Phase 2,Phase 2,Phase 2,Phase 2,Phase 2,Phase 2,Phase 2,Phase 2,Phase 2,Phase 2,Phase 2,Phase 2,Phase 2,Phase 2,Phase 2,Phase 2,Phase 2,Phase 2,Phase 2,Phase 2,Phase 2,Phase 2,Phase 2,Phase 2,Phase 2
0.0,0.0,0.0,0.0,0.0,0.0,0.0,0.0,0.0,0.0,0.0,0.0,0.0,0.0,0.0,0.0,0.0,0.0,0.0,0.0,0.0,0.0,0.0,0.0,0.0,0.0,0.0,0.0,0.0,0.0,0.0,0.0,0.0,0.0,0.0,0.0,0.0,0.0,0.0
0.0,0.0,0.0,0.0,0.0,0.0,0.0,0.0,0.0,0.0,0.0,0.0,0.0,0.0,0.0,0.0,0.0,1.0,0.0,0.0,0.0,0.0,0.0,0.0,0.0,2.0,1.0,0.0,0.0,0.0,0.0,0.0,0.0,2.0,0.0,0.0,0.0,0.0,0.0
0.0,0.0,0.0,0.0,1.0,0.0,0.0,0.0,0.0,0.0,0.0,0.0,0.0,0.0,0.0,0.0,0.0,1.0,0.0,0.0,1.0,0.0,0.0,0.0,0.0,0.0,0.0,0.0,0.0,0.0,0.0,0.0,0.0,0.0,2.0,0.0,0.0,0.0,0.0
0.0,0.0,0.0,0.0,0.0,0.0,0.0,0.0,0.0,0.0,0.0,0.0,0.0,0.0,0.0,0.0,0.0,0.0,0.0,0.0,0.0,0.0,0.0,0.0,0.0,0.0,1.0,0.0,0.0,0.0,0.0,0.0,0.0,1.0,0.0,0.0,0.0,0.0,0.0
0.0,0.0,0.0,0.0,1.0,0.0,0.0,0.0,0.0,0.0,0.0,0.0,0.0,0.0,0.0,0.0,0.0,0.0,0.0,0.0,0.0,0.0,0.0,0.0,0.0,0.0,0.0,0.0,0.0,0.0,0.0,0.0,0.0,0.0,0.0,0.0,0.0,0.0,0.0
Phase 3,Phase 3,Phase 3,Phase 3,Phase 3,Phase 3,Phase 3,Phase 3,Phase 3,Phase 3,Phase 3,Phase 3,Phase 3,Phase 3,Phase 3,Phase 3,Phase 3,Phase 3,Phase 3,Phase 3,Phase 3,Phase 3,Phase 3,Phase 3,Phase 3,Phase 3,Phase 3,Phase 3,Phase 3,Phase 3,Phase 3,Phase 3,Phase 3,Phase 3,Phase 3,Phase 3,Phase 3,Phase 3,Phase 3
0.0,0.0,0.0,0.0,0.0,0.0,0.0,0.0,0.0,0.0,0.0,0.0,0.0,0.0,0.0,0.0,0.0,2.0,0.0,0.0,1.0,0.0,0.0,0.0,0.0,0.0,0.0,0.0,0.0,0.0,0.0,0.0,0.0,0.0,0.0,0.0,0.0,0.0,0.0
0.0,0.0,0.0,0.0,0.0,0.0,0.0,0.0,0.0,0.0,0.0,0.0,0.0,0.0,0.0,0.0,0.0,1.0,0.0,0.0,0.0,0.0,0.0,0.0,0.0,0.0,0.0,0.0,0.0,0.0,0.0,0.0,0.0,0.0,0.0,0.0,0.0,0.0,0.0
0.0,0.0,0.0,0.0,0.0,0.0,0.0,0.0,0.0,0.0,0.0,0.0,0.0,0.0,0.0,0.0,0.0,0.0,0.0,0.0,0.0,0.0,0.0,0.0,0.0,0.0,0.0,0.0,0.0,0.0,0.0,0.0,0.0,0.0,0.0,0.0,0.0,0.0,0.0
0.0,0.0,0.0,0.0,0.0,0.0,0.0,0.0,0.0,0.0,0.0,0.0,0.0,0.0,0.0,0.0,0.0,0.0,0.0,0.0,0.0,0.0,0.0,0.0,0.0,0.0,0.0,0.0,0.0,0.0,0.0,0.0,0.0,0.0,0.0,0.0,0.0,0.0,0.0
0.0,0.0,0.0,0.0,0.0,0.0,0.0,0.0,0.0,0.0,0.0,0.0,0.0,0.0,0.0,0.0,0.0,0.0,0.0,0.0,0.0,0.0,0.0,0.0,0.0,0.0,0.0,0.0,0.0,0.0,0.0,0.0,0.0,0.0,0.0,0.0,0.0,0.0,0.0
,,,,,,,,,,,,,,,,,,,,,,,,,,,,,,,,,,,,,,
Response on Right gain point,Response on Right gain point,Response on Right gain point,Response on Right gain point,Response on Right gain point,Response on Right gain point,Response on Right gain point,Response on Right gain point,Response on Right gain point,Response on Right gain point,Response on Right gain point,Response on Right gain point,Response on Right gain point,Response on Right gain point,Response on Right gain point,Response on Right gain point,Response on Right gain point,Response on Right gain point,Response on Right gain point,Response on Right gain point,Response on Right gain point,Response on Right gain point,Response on Right gain point,Response on Right gain point,Response on Right gain point,Response on Right gain point,Response on Right gain point,Response on Right gain point,Response on Right gain point,Response on Right gain point,Response on Right gain point,Response on Right gain point,Response on Right gain point,Response on Right gain point,Response on Right gain point,Response on Right gain point,Response on Right gain point,Response on Right gain point,Response on Right gain point
Phase 1,Phase 1,Phase 1,Phase 1,Phase 1,Phase 1,Phase 1,Phase 1,Phase 1,Phase 1,Phase 1,Phase 1,Phase 1,Phase 1,Phase 1,Phase 1,Phase 1,Phase 1,Phase 1,Phase 1,Phase 1,Phase 1,Phase 1,Phase 1,Phase 1,Phase 1,Phase 1,Phase 1,Phase 1,Phase 1,Phase 1,Phase 1,Phase 1,Phase 1,Phase 1,Phase 1,Phase 1,Phase 1,Phase 1
0.0,0.0,0.0,0.0,0.0,0.0,0.0,0.0,0.0,0.0,0.0,0.0,0.0,0.0,0.0,0.0,0.0,0.0,0.0,0.0,0.0,0.0,0.0,0.0,0.0,0.0,0.0,0.0,0.0,0.0,0.0,0.0,0.0,0.0,0.0,0.0,0.0,0.0,0.0
0.0,0.0,0.0,0.0,0.0,0.0,0.0,0.0,0.0,0.0,0.0,0.0,0.0,0.0,0.0,0.0,0.0,0.0,0.0,0.0,0.0,0.0,0.0,0.0,0.0,0.0,0.0,0.0,0.0,0.0,0.0,0.0,0.0,0.0,0.0,0.0,0.0,0.0,0.0
0.0,0.0,0.0,0.0,0.0,0.0,0.0,0.0,0.0,0.0,0.0,0.0,0.0,0.0,0.0,0.0,0.0,0.0,0.0,0.0,0.0,0.0,0.0,0.0,0.0,0.0,0.0,0.0,0.0,0.0,0.0,0.0,0.0,0.0,0.0,0.0,0.0,0.0,0.0
0.0,0.0,0.0,0.0,0.0,0.0,0.0,0.0,0.0,0.0,0.0,0.0,0.0,0.0,0.0,0.0,0.0,0.0,0.0,0.0,0.0,0.0,0.0,0.0,0.0,0.0,0.0,0.0,0.0,0.0,0.0,0.0,0.0,0.0,0.0,0.0,0.0,0.0,0.0
0.0,0.0,0.0,0.0,0.0,0.0,0.0,0.0,0.0,0.0,0.0,0.0,0.0,0.0,0.0,0.0,0.0,0.0,0.0,0.0,0.0,0.0,0.0,0.0,0.0,0.0,0.0,0.0,0.0,0.0,0.0,0.0,0.0,0.0,0.0,0.0,0.0,0.0,0.0
Phase 2,Phase 2,Phase 2,Phase 2,Phase 2,Phase 2,Phase 2,Phase 2,Phase 2,Phase 2,Phase 2,Phase 2,Phase 2,Phase 2,Phase 2,Phase 2,Phase 2,Phase 2,Phase 2,Phase 2,Phase 2,Phase 2,Phase 2,Phase 2,Phase 2,Phase 2,Phase 2,Phase 2,Phase 2,Phase 2,Phase 2,Phase 2,Phase 2,Phase 2,Phase 2,Phase 2,Phase 2,Phase 2,Phase 2
0.0,0.0,0.0,0.0,0.0,0.0,0.0,0.0,0.0,0.0,0.0,0.0,0.0,0.0,0.0,0.0,0.0,0.0,0.0,0.0,0.0,0.0,0.0,0.0,0.0,0.0,0.0,0.0,0.0,0.0,0.0,0.0,0.0,0.0,0.0,0.0,0.0,0.0,0.0
0.0,0.0,0.0,0.0,0.0,0.0,0.0,0.0,0.0,0.0,0.0,0.0,0.0,0.0,0.0,0.0,0.0,0.0,0.0,0.0,0.0,0.0,0.0,0.0,0.0,0.0,0.0,0.0,0.0,0.0,0.0,0.0,0.0,0.0,0.0,0.0,0.0,0.0,0.0
0.0,0.0,0.0,0.0,0.0,0.0,0.0,0.0,0.0,0.0,0.0,0.0,0.0,0.0,0.0,0.0,0.0,0.0,0.0,0.0,0.0,0.0,0.0,0.0,0.0,0.0,0.0,0.0,0.0,0.0,0.0,0.0,0.0,0.0,0.0,0.0,0.0,0.0,0.0
0.0,0.0,0.0,0.0,0.0,0.0,0.0,0.0,0.0,0.0,0.0,0.0,0.0,0.0,0.0,0.0,0.0,0.0,0.0,0.0,0.0,0.0,0.0,0.0,0.0,0.0,0.0,0.0,0.0,0.0,0.0,0.0,0.0,0.0,0.0,0.0,0.0,0.0,0.0
0.0,0.0,0.0,0.0,0.0,0.0,0.0,0.0,0.0,0.0,0.0,0.0,0.0,0.0,0.0,0.0,0.0,0.0,0.0,0.0,0.0,0.0,0.0,0.0,0.0,0.0,0.0,0.0,0.0,0.0,0.0,0.0,0.0,0.0,0.0,0.0,0.0,0.0,0.0
Phase 3,Phase 3,Phase 3,Phase 3,Phase 3,Phase 3,Phase 3,Phase 3,Phase 3,Phase 3,Phase 3,Phase 3,Phase 3,Phase 3,Phase 3,Phase 3,Phase 3,Phase 3,Phase 3,Phase 3,Phase 3,Phase 3,Phase 3,Phase 3,Phase 3,Phase 3,Phase 3,Phase 3,Phase 3,Phase 3,Phase 3,Phase 3,Phase 3,Phase 3,Phase 3,Phase 3,Phase 3,Phase 3,Phase 3
0.0,0.0,0.0,0.0,0.0,0.0,0.0,0.0,0.0,0.0,0.0,0.0,0.0,0.0,0.0,0.0,0.0,0.0,0.0,0.0,0.0,0.0,0.0,0.0,0.0,0.0,0.0,0.0,0.0,0.0,0.0,0.0,0.0,0.0,0.0,0.0,0.0,0.0,0.0
0.0,0.0,0.0,0.0,0.0,0.0,0.0,0.0,0.0,0.0,0.0,1.0,0.0,0.0,0.0,0.0,0.0,0.0,0.0,0.0,0.0,0.0,0.0,0.0,0.0,0.0,0.0,0.0,0.0,0.0,0.0,0.0,0.0,0.0,0.0,0.0,0.0,0.0,0.0
0.0,0.0,0.0,0.0,0.0,0.0,0.0,0.0,0.0,0.0,0.0,0.0,0.0,0.0,0.0,0.0,0.0,0.0,0.0,0.0,0.0,0.0,0.0,0.0,0.0,0.0,0.0,0.0,0.0,0.0,0.0,0.0,0.0,0.0,0.0,0.0,0.0,0.0,0.0
0.0,0.0,0.0,0.0,0.0,0.0,0.0,0.0,0.0,0.0,0.0,0.0,0.0,0.0,0.0,0.0,0.0,0.0,0.0,0.0,0.0,0.0,0.0,0.0,0.0,0.0,0.0,0.0,0.0,0.0,0.0,0.0,0.0,0.0,0.0,0.0,0.0,0.0,0.0
0.0,0.0,0.0,0.0,0.0,0.0,0.0,0.0,0.0,0.0,0.0,0.0,0.0,0.0,0.0,0.0,0.0,0.0,0.0,0.0,0.0,0.0,0.0,0.0,0.0,0.0,0.0,0.0,0.0,0.0,0.0,0.0,0.0,0.0,0.0,0.0,0.0,0.0,0.0
,,,,,,,,,,,,,,,,,,,,,,,,,,,,,,,,,,,,,,
Response on Left loss point,Response on Left loss point,Response on Left loss point,Response on Left loss point,Response on Left loss point,Response on Left loss point,Response on Left loss point,Response on Left loss point,Response on Left loss point,Response on Left loss point,Response on Left loss point,Response on Left loss point,Response on Left loss point,Response on Left loss point,Response on Left loss point,Response on Left loss point,Response on Left loss point,Response on Left loss point,Response on Left loss point,Response on Left loss point,Response on Left loss point,Response on Left loss point,Response on Left loss point,Response on Left loss point,Response on Left loss point,Response on Left loss point,Response on Left loss point,Response on Left loss point,Response on Left loss point,Response on Left loss point,Response on Left loss point,Response on Left loss point,Response on Left loss point,Response on Left loss point,Response on Left loss point,Response on Left loss point,Response on Left loss point,Response on Left loss point,Response on Left loss point
Phase 1,Phase 1,Phase 1,Phase 1,Phase 1,Phase 1,Phase 1,Phase 1,Phase 1,Phase 1,Phase 1,Phase 1,Phase 1,Phase 1,Phase 1,Phase 1,Phase 1,Phase 1,Phase 1,Phase 1,Phase 1,Phase 1,Phase 1,Phase 1,Phase 1,Phase 1,Phase 1,Phase 1,Phase 1,Phase 1,Phase 1,Phase 1,Phase 1,Phase 1,Phase 1,Phase 1,Phase 1,Phase 1,Phase 1
0.0,0.0,0.0,0.0,0.0,0.0,0.0,0.0,0.0,0.0,0.0,0.0,0.0,0.0,0.0,0.0,0.0,0.0,0.0,0.0,0.0,0.0,0.0,1.0,0.0,0.0,0.0,0.0,0.0,0.0,0.0,0.0,0.0,0.0,0.0,0.0,0.0,0.0,0.0
0.0,0.0,0.0,0.0,0.0,0.0,0.0,0.0,0.0,0.0,0.0,0.0,0.0,0.0,0.0,0.0,0.0,0.0,0.0,0.0,0.0,0.0,0.0,0.0,0.0,0.0,0.0,0.0,0.0,0.0,0.0,0.0,0.0,0.0,0.0,0.0,0.0,0.0,0.0
0.0,0.0,0.0,0.0,0.0,0.0,0.0,0.0,0.0,0.0,0.0,0.0,0.0,0.0,0.0,0.0,0.0,0.0,0.0,0.0,0.0,0.0,0.0,0.0,0.0,0.0,0.0,0.0,1.0,0.0,0.0,0.0,0.0,0.0,0.0,0.0,0.0,0.0,0.0
0.0,0.0,0.0,0.0,0.0,0.0,0.0,0.0,0.0,1.0,0.0,0.0,0.0,0.0,0.0,0.0,0.0,0.0,0.0,0.0,0.0,0.0,0.0,1.0,0.0,0.0,0.0,0.0,0.0,0.0,0.0,0.0,0.0,0.0,0.0,0.0,0.0,0.0,0.0
0.0,0.0,0.0,0.0,0.0,0.0,0.0,0.0,0.0,0.0,0.0,0.0,0.0,0.0,0.0,0.0,0.0,0.0,0.0,0.0,0.0,0.0,0.0,0.0,0.0,0.0,0.0,0.0,0.0,0.0,0.0,0.0,0.0,0.0,0.0,0.0,0.0,0.0,0.0
Phase 2,Phase 2,Phase 2,Phase 2,Phase 2,Phase 2,Phase 2,Phase 2,Phase 2,Phase 2,Phase 2,Phase 2,Phase 2,Phase 2,Phase 2,Phase 2,Phase 2,Phase 2,Phase 2,Phase 2,Phase 2,Phase 2,Phase 2,Phase 2,Phase 2,Phase 2,Phase 2,Phase 2,Phase 2,Phase 2,Phase 2,Phase 2,Phase 2,Phase 2,Phase 2,Phase 2,Phase 2,Phase 2,Phase 2
0.0,0.0,0.0,0.0,0.0,0.0,0.0,0.0,0.0,0.0,0.0,0.0,0.0,0.0,0.0,0.0,0.0,0.0,0.0,0.0,1.0,0.0,0.0,0.0,0.0,0.0,2.0,0.0,0.0,0.0,0.0,0.0,0.0,0.0,0.0,0.0,0.0,0.0,0.0
0.0,0.0,0.0,0.0,0.0,0.0,0.0,0.0,0.0,0.0,0.0,0.0,0.0,0.0,0.0,0.0,0.0,0.0,0.0,0.0,0.0,0.0,0.0,0.0,0.0,0.0,0.0,0.0,0.0,0.0,0.0,0.0,0.0,0.0,0.0,0.0,0.0,0.0,0.0
0.0,0.0,0.0,0.0,0.0,0.0,0.0,0.0,0.0,0.0,0.0,0.0,1.0,0.0,0.0,0.0,0.0,0.0,0.0,0.0,0.0,0.0,0.0,0.0,0.0,0.0,0.0,0.0,0.0,0.0,0.0,0.0,0.0,0.0,0.0,0.0,0.0,0.0,0.0
0.0,0.0,0.0,0.0,0.0,0.0,0.0,0.0,0.0,0.0,0.0,0.0,0.0,0.0,0.0,0.0,0.0,0.0,0.0,0.0,0.0,0.0,0.0,0.0,0.0,0.0,1.0,0.0,0.0,0.0,0.0,0.0,0.0,0.0,0.0,0.0,0.0,0.0,0.0
0.0,0.0,0.0,0.0,2.0,0.0,0.0,0.0,0.0,0.0,0.0,0.0,0.0,0.0,0.0,0.0,0.0,1.0,0.0,0.0,0.0,0.0,0.0,0.0,0.0,0.0,0.0,0.0,0.0,0.0,0.0,0.0,0.0,0.0,0.0,0.0,0.0,0.0,0.0
Phase 3,Phase 3,Phase 3,Phase 3,Phase 3,Phase 3,Phase 3,Phase 3,Phase 3,Phase 3,Phase 3,Phase 3,Phase 3,Phase 3,Phase 3,Phase 3,Phase 3,Phase 3,Phase 3,Phase 3,Phase 3,Phase 3,Phase 3,Phase 3,Phase 3,Phase 3,Phase 3,Phase 3,Phase 3,Phase 3,Phase 3,Phase 3,Phase 3,Phase 3,Phase 3,Phase 3,Phase 3,Phase 3,Phase 3
0.0,0.0,0.0,0.0,0.0,0.0,0.0,0.0,0.0,0.0,0.0,0.0,0.0,0.0,0.0,0.0,0.0,0.0,0.0,0.0,0.0,0.0,0.0,0.0,0.0,0.0,0.0,0.0,0.0,0.0,0.0,0.0,0.0,0.0,0.0,0.0,0.0,0.0,0.0
0.0,0.0,0.0,0.0,0.0,0.0,0.0,0.0,0.0,0.0,0.0,0.0,0.0,0.0,0.0,0.0,0.0,1.0,0.0,0.0,0.0,0.0,0.0,0.0,0.0,0.0,0.0,0.0,0.0,0.0,0.0,0.0,0.0,0.0,0.0,0.0,0.0,0.0,0.0
0.0,0.0,0.0,0.0,0.0,0.0,0.0,0.0,0.0,0.0,0.0,0.0,0.0,0.0,0.0,0.0,0.0,0.0,0.0,0.0,0.0,0.0,1.0,0.0,0.0,0.0,0.0,0.0,0.0,0.0,0.0,0.0,0.0,0.0,0.0,0.0,0.0,0.0,0.0
0.0,0.0,0.0,0.0,0.0,0.0,0.0,0.0,0.0,0.0,0.0,0.0,0.0,0.0,0.0,0.0,0.0,0.0,0.0,0.0,0.0,0.0,0.0,0.0,0.0,0.0,0.0,0.0,0.0,0.0,0.0,0.0,0.0,0.0,0.0,0.0,0.0,0.0,0.0
0.0,0.0,0.0,0.0,0.0,0.0,0.0,0.0,0.0,0.0,0.0,0.0,0.0,0.0,0.0,0.0,0.0,0.0,0.0,0.0,0.0,0.0,0.0,0.0,0.0,0.0,0.0,0.0,0.0,0.0,0.0,0.0,0.0,0.0,0.0,0.0,0.0,0.0,0.0
,,,,,,,,,,,,,,,,,,,,,,,,,,,,,,,,,,,,,,
No responses were recorded for type Response on Right loss point,,,,,,,,,,,,,,,,,,,,,,,,,,,,,,,,,,,,,,
,,,,,,,,,,,,,,,,,,,,,,,,,,,,,,,,,,,,,,
No responses were recorded for type Response on hourglass,,,,,,,,,,,,,,,,,,,,,,,,,,,,,,,,,,,,,,
,,,,,,,,,,,,,,,,,,,,,,,,,,,,,,,,,,,,,,
No responses were recorded for type Response on loading text,,,,,,,,,,,,,,,,,,,,,,,,,,,,,,,,,,,,,,
,,,,,,,,,,,,,,,,,,,,,,,,,,,,,,,,,,,,,,
Left SR,Left SR,Left SR,Left SR,Left SR,Left SR,Left SR,Left SR,Left SR,Left SR,Left SR,Left SR,Left SR,Left SR,Left SR,Left SR,Left SR,Left SR,Left SR,Left SR,Left SR,Left SR,Left SR,Left SR,Left SR,Left SR,Left SR,Left SR,Left SR,Left SR,Left SR,Left SR,Left SR,Left SR,Left SR,Left SR,Left SR,Left SR,Left SR
Phase 1,Phase 1,Phase 1,Phase 1,Phase 1,Phase 1,Phase 1,Phase 1,Phase 1,Phase 1,Phase 1,Phase 1,Phase 1,Phase 1,Phase 1,Phase 1,Phase 1,Phase 1,Phase 1,Phase 1,Phase 1,Phase 1,Phase 1,Phase 1,Phase 1,Phase 1,Phase 1,Phase 1,Phase 1,Phase 1,Phase 1,Phase 1,Phase 1,Phase 1,Phase 1,Phase 1,Phase 1,Phase 1,Phase 1
0.0,13.0,0.0,23.0,0.0,20.0,0.0,0.0,19.0,21.0,0.0,0.0,0.0,21.0,15.0,22.0,20.0,0.0,22.0,0.0,0.0,0.0,17.0,13.0,0.0,0.0,0.0,12.0,14.0,0.0,0.0,0.0,19.0,0.0,0.0,19.0,12.0,18.0,0.0
0.0,21.0,0.0,21.0,0.0,20.0,0.0,0.0,19.0,19.0,0.0,0.0,0.0,23.0,23.0,18.0,21.0,0.0,22.0,0.0,0.0,0.0,22.0,20.0,0.0,0.0,0.0,19.0,9.0,0.0,0.0,0.0,20.0,0.0,0.0,19.0,20.0,23.0,0.0
0.0,20.0,0.0,16.0,0.0,19.0,0.0,0.0,18.0,23.0,0.0,0.0,0.0,19.0,21.0,21.0,21.0,0.0,19.0,0.0,0.0,0.0,20.0,20.0,0.0,0.0,0.0,21.0,25.0,0.0,0.0,0.0,22.0,0.0,0.0,19.0,19.0,14.0,0.0
0.0,5.0,0.0,13.0,0.0,20.0,0.0,0.0,17.0,22.0,0.0,0.0,0.0,22.0,21.0,22.0,21.0,0.0,24.0,0.0,0.0,0.0,19.0,19.0,0.0,0.0,0.0,23.0,21.0,0.0,0.0,0.0,21.0,0.0,0.0,20.0,18.0,11.0,0.0
0.0,15.0,0.0,18.0,0.0,18.0,0.0,0.0,19.0,21.0,0.0,0.0,0.0,20.0,21.0,23.0,24.0,0.0,15.0,0.0,0.0,0.0,14.0,19.0,0.0,0.0,0.0,22.0,19.0,0.0,0.0,0.0,23.0,0.0,0.0,24.0,18.0,0.0,0.0
Phase 2,Phase 2,Phase 2,Phase 2,Phase 2,Phase 2,Phase 2,Phase 2,Phase 2,Phase 2,Phase 2,Phase 2,Phase 2,Phase 2,Phase 2,Phase 2,Phase 2,Phase 2,Phase 2,Phase 2,Phase 2,Phase 2,Phase 2,Phase 2,Phase 2,Phase 2,Phase 2,Phase 2,Phase 2,Phase 2,Phase 2,Phase 2,Phase 2,Phase 2,Phase 2,Phase 2,Phase 2,Phase 2,Phase 2
16.0,0.0,0.0,0.0,16.0,0.0,18.0,16.0,0.0,0.0,6.0,16.0,16.0,0.0,0.0,0.0,0.0,18.0,0.0,19.0,16.0,2.0,0.0,0.0,11.0,13.0,12.0,0.0,0.0,16.0,1.0,0.0,0.0,0.0,17.0,0.0,0.0,0.0,1.0
21.0,0.0,0.0,0.0,16.0,0.0,19.0,21.0,0.0,0.0,21.0,25.0,20.0,0.0,0.0,0.0,0.0,23.0,0.0,20.0,22.0,17.0,0.0,0.0,19.0,17.0,23.0,0.0,0.0,19.0,22.0,16.0,0.0,16.0,25.0,0.0,0.0,0.0,20.0
22.0,0.0,0.0,0.0,15.0,0.0,20.0,25.0,0.0,0.0,11.0,22.0,22.0,0.0,0.0,0.0,0.0,15.0,0.0,22.0,22.0,20.0,0.0,0.0,16.0,0.0,17.0,0.0,0.0,21.0,23.0,3.0,0.0,20.0,24.0,0.0,0.0,0.0,16.0
19.0,0.0,0.0,0.0,0.0,0.0,20.0,21.0,0.0,0.0,22.0,27.0,22.0,0.0,0.0,0.0,0.0,22.0,0.0,24.0,23.0,18.0,0.0,0.0,19.0,4.0,21.0,0.0,0.0,16.0,21.0,11.0,0.0,20.0,19.0,0.0,0.0,0.0,19.0
21.0,0.0,0.0,0.0,11.0,0.0,19.0,21.0,0.0,0.0,21.0,22.0,20.0,0.0,0.0,0.0,0.0,23.0,0.0,19.0,22.0,15.0,0.0,0.0,16.0,0.0,7.0,0.0,0.0,18.0,18.0,0.0,0.0,22.0,0.0,0.0,0.0,0.0,16.0
Phase 3,Phase 3,Phase 3,Phase 3,Phase 3,Phase 3,Phase 3,Phase 3,Phase 3,Phase 3,Phase 3,Phase 3,Phase 3,Phase 3,Phase 3,Phase 3,Phase 3,Phase 3,Phase 3,Phase 3,Phase 3,Phase 3,Phase 3,Phase 3,Phase 3,Phase 3,Phase 3,Phase 3,Phase 3,Phase 3,Phase 3,Phase 3,Phase 3,Phase 3,Phase 3,Phase 3,Phase 3,Phase 3,Phase 3
22.0,0.0,0.0,0.0,8.0,0.0,0.0,0.0,0.0,0.0,0.0,4.0,7.0,0.0,0.0,0.0,0.0,20.0,0.0,0.0,3.0,14.0,0.0,0.0,0.0,0.0,0.0,0.0,0.0,0.0,0.0,0.0,0.0,1.0,0.0,0.0,0.0,0.0,10.0
22.0,0.0,0.0,0.0,0.0,0.0,0.0,0.0,0.0,0.0,0.0,0.0,0.0,0.0,0.0,0.0,0.0,24.0,0.0,0.0,0.0,18.0,0.0,0.0,0.0,0.0,0.0,0.0,0.0,0.0,0.0,1.0,0.0,0.0,0.0,0.0,0.0,0.0,18.0
21.0,0.0,0.0,0.0,0.0,0.0,0.0,0.0,0.0,0.0,0.0,0.0,0.0,0.0,0.0,0.0,0.0,2.0,0.0,0.0,0.0,20.0,0.0,0.0,0.0,0.0,0.0,0.0,0.0,0.0,0.0,10.0,0.0,0.0,0.0,0.0,0.0,0.0,16.0
20.0,0.0,0.0,0.0,0.0,0.0,0.0,0.0,0.0,0.0,0.0,2.0,0.0,0.0,0.0,0.0,0.0,0.0,0.0,0.0,0.0,22.0,0.0,0.0,0.0,0.0,0.0,0.0,0.0,0.0,0.0,6.0,0.0,0.0,0.0,0.0,0.0,0.0,20.0
24.0,0.0,0.0,0.0,0.0,0.0,0.0,0.0,0.0,0.0,0.0,0.0,0.0,0.0,0.0,0.0,0.0,13.0,0.0,0.0,0.0,19.0,0.0,0.0,0.0,0.0,0.0,0.0,0.0,0.0,0.0,16.0,0.0,0.0,0.0,0.0,0.0,0.0,16.0
,,,,,,,,,,,,,,,,,,,,,,,,,,,,,,,,,,,,,,
Right SR,Right SR,Right SR,Right SR,Right SR,Right SR,Right SR,Right SR,Right SR,Right SR,Right SR,Right SR,Right SR,Right SR,Right SR,Right SR,Right SR,Right SR,Right SR,Right SR,Right SR,Right SR,Right SR,Right SR,Right SR,Right SR,Right SR,Right SR,Right SR,Right SR,Right SR,Right SR,Right SR,Right SR,Right SR,Right SR,Right SR,Right SR,Right SR
Phase 1,Phase 1,Phase 1,Phase 1,Phase 1,Phase 1,Phase 1,Phase 1,Phase 1,Phase 1,Phase 1,Phase 1,Phase 1,Phase 1,Phase 1,Phase 1,Phase 1,Phase 1,Phase 1,Phase 1,Phase 1,Phase 1,Phase 1,Phase 1,Phase 1,Phase 1,Phase 1,Phase 1,Phase 1,Phase 1,Phase 1,Phase 1,Phase 1,Phase 1,Phase 1,Phase 1,Phase 1,Phase 1,Phase 1
2.0,0.0,13.0,0.0,18.0,0.0,20.0,18.0,0.0,0.0,17.0,11.0,20.0,0.0,0.0,0.0,0.0,9.0,0.0,18.0,18.0,12.0,0.0,0.0,15.0,15.0,22.0,0.0,0.0,15.0,19.0,6.0,0.0,14.0,22.0,0.0,0.0,0.0,19.0
19.0,0.0,13.0,0.0,17.0,0.0,25.0,21.0,0.0,0.0,21.0,15.0,21.0,0.0,0.0,0.0,0.0,0.0,0.0,21.0,22.0,17.0,0.0,0.0,15.0,17.0,22.0,0.0,0.0,17.0,21.0,12.0,0.0,12.0,23.0,0.0,0.0,0.0,17.0
4.0,0.0,9.0,0.0,18.0,0.0,17.0,21.0,0.0,0.0,19.0,21.0,20.0,0.0,0.0,0.0,0.0,0.0,0.0,22.0,24.0,18.0,0.0,0.0,12.0,16.0,23.0,0.0,0.0,18.0,21.0,2.0,0.0,15.0,22.0,0.0,0.0,0.0,18.0
19.0,0.0,3.0,0.0,16.0,0.0,19.0,25.0,0.0,0.0,21.0,22.0,19.0,0.0,0.0,0.0,0.0,0.0,0.0,21.0,23.0,14.0,0.0,0.0,20.0,0.0,23.0,0.0,0.0,24.0,22.0,7.0,0.0,9.0,25.0,0.0,0.0,0.0,11.0
21.0,0.0,8.0,0.0,18.0,0.0,22.0,16.0,0.0,0.0,22.0,23.0,20.0,0.0,0.0,0.0,0.0,14.0,0.0,23.0,20.0,15.0,0.0,0.0,17.0,22.0,21.0,0.0,0.0,18.0,24.0,2.0,0.0,16.0,25.0,0.0,0.0,0.0,0.0
Phase 2,Phase 2,Phase 2,Phase 2,Phase 2,Phase 2,Phase 2,Phase 2,Phase 2,Phase 2,Phase 2,Phase 2,Phase 2,Phase 2,Phase 2,Phase 2,Phase 2,Phase 2,Phase 2,Phase 2,Phase 2,Phase 2,Phase 2,Phase 2,Phase 2,Phase 2,Phase 2,Phase 2,Phase 2,Phase 2,Phase 2,Phase 2,Phase 2,Phase 2,Phase 2,Phase 2,Phase 2,Phase 2,Phase 2
0.0,19.0,0.0,4.0,0.0,17.0,0.0,0.0,14.0,17.0,0.0,0.0,0.0,17.0,20.0,14.0,9.0,0.0,15.0,0.0,0.0,0.0,3.0,10.0,0.0,0.0,0.0,16.0,18.0,0.0,0.0,0.0,0.0,0.0,0.0,18.0,0.0,0.0,0.0
0.0,16.0,0.0,20.0,0.0,22.0,0.0,0.0,18.0,20.0,0.0,0.0,0.0,21.0,19.0,21.0,22.0,0.0,23.0,0.0,0.0,0.0,18.0,8.0,0.0,0.0,0.0,17.0,15.0,0.0,0.0,0.0,0.0,0.0,0.0,20.0,18.0,2.0,0.0
0.0,23.0,0.0,16.0,0.0,14.0,0.0,0.0,21.0,23.0,0.0,0.0,0.0,15.0,13.0,23.0,22.0,0.0,23.0,0.0,0.0,0.0,19.0,18.0,0.0,0.0,0.0,26.0,19.0,0.0,0.0,0.0,12.0,0.0,0.0,20.0,18.0,20.0,0.0
0.0,23.0,0.0,21.0,0.0,19.0,0.0,0.0,15.0,19.0,0.0,0.0,0.0,23.0,21.0,21.0,21.0,0.0,19.0,0.0,0.0,0.0,5.0,19.0,0.0,0.0,0.0,24.0,23.0,0.0,0.0,0.0,25.0,0.0,0.0,21.0,17.0,5.0,0.0
0.0,19.0,0.0,17.0,0.0,17.0,0.0,0.0,19.0,17.0,0.0,0.0,0.0,21.0,20.0,22.0,23.0,0.0,20.0,0.0,0.0,0.0,15.0,20.0,0.0,0.0,0.0,22.0,1.0,0.0,0.0,0.0,19.0,0.0,0.0,18.0,19.0,12.0,0.0
Phase 3,Phase 3,Phase 3,Phase 3,Phase 3,Phase 3,Phase 3,Phase 3,Phase 3,Phase 3,Phase 3,Phase 3,Phase 3,Phase 3,Phase 3,Phase 3,Phase 3,Phase 3,Phase 3,Phase 3,Phase 3,Phase 3,Phase 3,Phase 3,Phase 3,Phase 3,Phase 3,Phase 3,Phase 3,Phase 3,Phase 3,Phase 3,Phase 3,Phase 3,Phase 3,Phase 3,Phase 3,Phase 3,Phase 3
0.0,0.0,0.0,0.0,0.0,19.0,0.0,0.0,18.0,0.0,0.0,0.0,0.0,3.0,20.0,0.0,0.0,0.0,0.0,0.0,0.0,0.0,0.0,0.0,0.0,0.0,0.0,0.0,0.0,0.0,0.0,0.0,23.0,0.0,0.0,20.0,14.0,0.0,0.0
0.0,0.0,0.0,0.0,0.0,16.0,0.0,0.0,19.0,0.0,0.0,0.0,0.0,0.0,19.0,0.0,0.0,0.0,0.0,0.0,0.0,0.0,0.0,0.0,0.0,0.0,0.0,0.0,0.0,0.0,0.0,0.0,23.0,0.0,0.0,21.0,18.0,0.0,0.0
0.0,0.0,0.0,0.0,0.0,18.0,0.0,0.0,19.0,0.0,0.0,0.0,0.0,0.0,23.0,0.0,0.0,0.0,0.0,0.0,0.0,0.0,0.0,0.0,0.0,0.0,0.0,0.0,0.0,0.0,0.0,0.0,21.0,0.0,0.0,17.0,17.0,8.0,0.0
0.0,0.0,0.0,0.0,0.0,17.0,0.0,0.0,21.0,0.0,0.0,0.0,0.0,0.0,21.0,0.0,0.0,0.0,0.0,0.0,0.0,0.0,0.0,0.0,0.0,0.0,0.0,0.0,0.0,0.0,0.0,0.0,23.0,0.0,0.0,20.0,17.0,11.0,0.0
0.0,0.0,0.0,0.0,0.0,18.0,0.0,0.0,19.0,0.0,0.0,0.0,0.0,0.0,22.0,0.0,0.0,0.0,0.0,0.0,0.0,0.0,0.0,0.0,0.0,0.0,0.0,0.0,0.0,0.0,0.0,0.0,24.0,0.0,0.0,19.0,16.0,17.0,0.0
,,,,,,,,,,,,,,,,,,,,,,,,,,,,,,,,,,,,,,
No responses were recorded for type End of Phase 1,,,,,,,,,,,,,,,,,,,,,,,,,,,,,,,,,,,,,,
,,,,,,,,,,,,,,,,,,,,,,,,,,,,,,,,,,,,,,
No responses were recorded for type End of Phase 2,,,,,,,,,,,,,,,,,,,,,,,,,,,,,,,,,,,,,,
,,,,,,,,,,,,,,,,,,,,,,,,,,,,,,,,,,,,,,
No responses were recorded for type End of session,,,,,,,,,,,,,,,,,,,,,,,,,,,,,,,,,,,,,,
,,,,,,,,,,,,,,,,,,,,,,,,,,,,,,,,,,,,,,
Phase Durations,Phase Durations,Phase Durations,Phase Durations,Phase Durations,Phase Durations,Phase Durations,Phase Durations,Phase Durations,Phase Durations,Phase Durations,Phase Durations,Phase Durations,Phase Durations,Phase Durations,Phase Durations,Phase Durations,Phase Durations,Phase Durations,Phase Durations,Phase Durations,Phase Durations,Phase Durations,Phase Durations,Phase Durations,Phase Durations,Phase Durations,Phase Durations,Phase Durations,Phase Durations,Phase Durations,Phase Durations,Phase Durations,Phase Durations,Phase Durations,Phase Durations,Phase Durations,Phase Durations,Phase Durations
Phase 1,Phase 1,Phase 1,Phase 1,Phase 1,Phase 1,Phase 1,Phase 1,Phase 1,Phase 1,Phase 1,Phase 1,Phase 1,Phase 1,Phase 1,Phase 1,Phase 1,Phase 1,Phase 1,Phase 1,Phase 1,Phase 1,Phase 1,Phase 1,Phase 1,Phase 1,Phase 1,Phase 1,Phase 1,Phase 1,Phase 1,Phase 1,Phase 1,Phase 1,Phase 1,Phase 1,Phase 1,Phase 1,Phase 1
300.01,300.01,300.01,300.01,300.01,300.01,300.01,300.01,300.05,300.01,300.01,300.0,300.03,300.01,300.0,300.01,300.0,300.01,300.04,300.0,300.01,300.01,300.0,300.01,300.06,300.0,300.0,300.01,300.01,300.0,300.01,300.01,300.02,300.0,300.01,300.01,300.01,300.01,300.08
Phase 2,Phase 2,Phase 2,Phase 2,Phase 2,Phase 2,Phase 2,Phase 2,Phase 2,Phase 2,Phase 2,Phase 2,Phase 2,Phase 2,Phase 2,Phase 2,Phase 2,Phase 2,Phase 2,Phase 2,Phase 2,Phase 2,Phase 2,Phase 2,Phase 2,Phase 2,Phase 2,Phase 2,Phase 2,Phase 2,Phase 2,Phase 2,Phase 2,Phase 2,Phase 2,Phase 2,Phase 2,Phase 2,Phase 2
300.0,300.01,300.0,300.01,300.01,300.01,300.0,300.01,300.01,300.0,300.01,300.0,300.02,300.0,300.01,300.01,300.0,300.01,300.01,300.0,300.01,300.01,300.0,300.01,300.0,300.0,300.01,300.01,300.01,300.01,300.01,300.01,300.0,300.01,300.0,300.01,300.0,300.0,300.01
Phase 3,Phase 3,Phase 3,Phase 3,Phase 3,Phase 3,Phase 3,Phase 3,Phase 3,Phase 3,Phase 3,Phase 3,Phase 3,Phase 3,Phase 3,Phase 3,Phase 3,Phase 3,Phase 3,Phase 3,Phase 3,Phase 3,Phase 3,Phase 3,Phase 3,Phase 3,Phase 3,Phase 3,Phase 3,Phase 3,Phase 3,Phase 3,Phase 3,Phase 3,Phase 3,Phase 3,Phase 3,Phase 3,Phase 3
300.01,300.0,300.0,300.01,300.0,300.0,300.0,300.01,300.01,300.0,300.01,300.01,300.01,300.0,300.0,300.01,300.0,300.0,300.0,300.01,300.01,300.01,300.0,300.01,300.0,300.0,300.0,300.01,300.01,300.0,300.01,300.0,300.0,300.04,300.0,300.0,300.0,300.01,300.01
99),99),99),99),99),99),99),99),99),99),99),99),99),99),99),99),99),99),99),99),99),99),99),99),99),99),99),99),99),99),99),99),99),99),99),99),99),99),99)
OK,OK,OK,OK,OK,OK,OK,OK,OK,OK,OK,OK,OK,OK,OK,OK,OK,OK,OK,OK,OK,OK,OK,OK,OK,OK,OK,OK,OK,OK,OK,OK,OK,OK,OK,OK,OK,OK,OK
,,,,,,,,,,,,,,,,,,,,,,,,,,,,,,,,,,,,,,
Latencies,Latencies,Latencies,Latencies,Latencies,Latencies,Latencies,Latencies,Latencies,Latencies,Latencies,Latencies,Latencies,Latencies,Latencies,Latencies,Latencies,Latencies,Latencies,Latencies,Latencies,Latencies,Latencies,Latencies,Latencies,Latencies,Latencies,Latencies,Latencies,Latencies,Latencies,Latencies,Latencies,Latencies,Latencies,Latencies,Latencies,Latencies,Latencies
Target Response,Target Response,Target Response,Target Response,Target Response,Target Response,Target Response,Target Response,Target Response,Target Response,Target Response,Target Response,Target Response,Target Response,Target Response,Target Response,Target Response,Target Response,Target Response,Target Response,Target Response,Target Response,Target Response,Target Response,Target Response,Target Response,Target Response,Target Response,Target Response,Target Response,Target Response,Target Response,Target Response,Target Response,Target Response,Target Response,Target Response,Target Response,Target Response
None,15.54,17.37,13.17,None,None,6.64,6.64,None,None,13.52,27.36,23.5,None,None,12.07,4.3,2.9,20.25,15.23,71.72,None,120.2,None,9.64,None,None,9.98,None,6.22,13.46,None,None,5.54,None,None,None,219.21,None
,,,,,,,,,,,,,,,,,,,,,,,,,,,,,,,,,,,,,,
Alt Response,Alt Response,Alt Response,Alt Response,Alt Response,Alt Response,Alt Response,Alt Response,Alt Response,Alt Response,Alt Response,Alt Response,Alt Response,Alt Response,Alt Response,Alt Response,Alt Response,Alt Response,Alt Response,Alt Response,Alt Response,Alt Response,Alt Response,Alt Response,Alt Response,Alt Response,Alt Response,Alt Response,Alt Response,Alt Response,Alt Response,Alt Response,Alt Response,Alt Response,Alt Response,Alt Response,Alt Response,Alt Response,Alt Response
0.53,0.47,127.89,1.03,0.59,1.58,0.8,1.03,0.54,None,2.88,0.47,0.83,1.45,1.02,0.97,0.05,0.53,0.88,1.01,3.35,1.18,0.66,0.09,0.17,None,None,1.75,None,0.02,0.09,108.34,2.21,0.27,None,0.72,1.74,155.22,23.25
,,,,,,,,,,,,,,,,,,,,,,,,,,,,,,,,,,,,,,
Counts of 41 participant(s) in Phase 3,,,,,,,,,,,,,,,,,,,,,,,,,,,,,,,,,,,,,,
Target,,,,,,,,,,,,,,,,,,,,,,,,,,,,,,,,,,,,,,
22,,,,,,,,,,,,,,,,,,,,,,,,,,,,,,,,,,,,,,
,,,,,,,,,,,,,,,,,,,,,,,,,,,,,,,,,,,,,,
No target response in Phase 3,,,,,,,,,,,,,,,,,,,,,,,,,,,,,,,,,,,,,,
19,,,,,,,,,,,,,,,,,,,,,,,,,,,,,,,,,,,,,,
,,,,,,,,,,,,,,,,,,,,,,,,,,,,,,,,,,,,,,
Proportion in Phase 3,,,,,,,,,,,,,,,,,,,,,,,,,,,,,,,,,,,,,,
Target,,,,,,,,,,,,,,,,,,,,,,,,,,,,,,,,,,,,,,
0.54,,,,,,,,,,,,,,,,,,,,,,,,,,,,,,,,,,,,,,