Participant253-4,Participant254-1,Participant255-2,Participant256-3,Participant257-4,Participant258-4,Participant259-1,Participant260-4,Participant261-3,Participant262-4,Participant263-4

totalSR: 209,totalSR: 191,totalSR: 316,totalSR: 200,totalSR: 223,totalSR: 162,totalSR: 164,totalSR: 205,totalSR: 242,totalSR: 245,totalSR: 222
srPhase1: 119,srPhase1: 60,srPhase1: 108,srPhase1: 97,srPhase1: 114,srPhase1: 85,srPhase1: 56,srPhase1: 103,srPhase1: 111,srPhase1: 124,srPhase1: 111
srPhase2: 88,srPhase2: 51,srPhase2: 97,srPhase2: 97,srPhase2: 107,srPhase2: 75,srPhase2: 90,srPhase2: 96,srPhase2: 103,srPhase2: 118,srPhase2: 103
srPhase3: 0,srPhase3: 78,srPhase3: 109,srPhase3: 4,srPhase3: 0,srPhase3: 0,srPhase3: 16,srPhase3: 4,srPhase3: 26,srPhase3: 1,srPhase3: 6

Cut-off?,Cut-off?,Cut-off?,Cut-off?,Cut-off?,Cut-off?,Cut-off?,Cut-off?,Cut-off?,Cut-off?,Cut-off?
False,False,False,False,False,False,False,False,False,False,False

Target response,Target response,Target response,Target response,Target response,Target response,Target response,Target response,Target response,Target response,Target response
Phase 1,Phase 1,Phase 1,Phase 1,Phase 1,Phase 1,Phase 1,Phase 1,Phase 1,Phase 1,Phase 1
63.0,22.0,49.0,30.0,61.0,40.0,43.0,51.0,47.0,90.0,57.0
65.0,19.0,47.0,46.0,55.0,31.0,47.0,52.0,54.0,88.0,60.0
66.0,32.0,47.0,41.0,53.0,37.0,4.0,43.0,51.0,86.0,55.0
59.0,18.0,48.0,38.0,62.0,29.0,0.0,46.0,55.0,92.0,55.0
60.0,11.0,49.0,34.0,54.0,41.0,29.0,37.0,53.0,83.0,56.0
Phase 2,Phase 2,Phase 2,Phase 2,Phase 2,Phase 2,Phase 2,Phase 2,Phase 2,Phase 2,Phase 2
13.0,15.0,21.0,9.0,10.0,9.0,5.0,12.0,21.0,22.0,15.0
0.0,0.0,0.0,0.0,0.0,4.0,1.0,0.0,0.0,0.0,0.0
0.0,0.0,0.0,0.0,0.0,4.0,2.0,0.0,0.0,0.0,0.0
0.0,0.0,0.0,4.0,0.0,4.0,0.0,0.0,0.0,0.0,0.0
0.0,0.0,0.0,0.0,0.0,0.0,0.0,0.0,0.0,0.0,0.0
Phase 3,Phase 3,Phase 3,Phase 3,Phase 3,Phase 3,Phase 3,Phase 3,Phase 3,Phase 3,Phase 3
0.0,0.0,0.0,3.0,0.0,0.0,0.0,0.0,28.0,0.0,0.0
0.0,0.0,0.0,0.0,0.0,0.0,0.0,0.0,24.0,0.0,0.0
0.0,0.0,0.0,2.0,0.0,0.0,0.0,0.0,14.0,0.0,0.0
0.0,0.0,0.0,0.0,0.0,0.0,0.0,0.0,42.0,0.0,0.0
0.0,0.0,0.0,0.0,0.0,0.0,0.0,0.0,51.0,0.0,0.0

Alt response,Alt response,Alt response,Alt response,Alt response,Alt response,Alt response,Alt response,Alt response,Alt response,Alt response
Phase 1,Phase 1,Phase 1,Phase 1,Phase 1,Phase 1,Phase 1,Phase 1,Phase 1,Phase 1,Phase 1
0.0,0.0,0.0,4.0,0.0,8.0,4.0,0.0,4.0,0.0,0.0
0.0,3.0,0.0,0.0,0.0,0.0,0.0,0.0,0.0,0.0,0.0
0.0,0.0,0.0,0.0,0.0,0.0,0.0,0.0,0.0,0.0,0.0
0.0,0.0,0.0,0.0,0.0,0.0,0.0,0.0,0.0,0.0,0.0
0.0,0.0,0.0,0.0,0.0,0.0,0.0,6.0,0.0,0.0,0.0
Phase 2,Phase 2,Phase 2,Phase 2,Phase 2,Phase 2,Phase 2,Phase 2,Phase 2,Phase 2,Phase 2
45.0,10.0,25.0,39.0,48.0,37.0,37.0,31.0,34.0,63.0,38.0
62.0,17.0,48.0,43.0,60.0,42.0,40.0,47.0,50.0,93.0,54.0
55.0,36.0,50.0,46.0,65.0,37.0,41.0,49.0,54.0,93.0,51.0
60.0,6.0,48.0,39.0,51.0,40.0,35.0,40.0,51.0,85.0,59.0
6.0,19.0,48.0,42.0,29.0,4.0,46.0,33.0,51.0,83.0,59.0
Phase 3,Phase 3,Phase 3,Phase 3,Phase 3,Phase 3,Phase 3,Phase 3,Phase 3,Phase 3,Phase 3
0.0,24.0,46.0,7.0,0.0,0.0,34.0,5.0,9.0,2.0,13.0
0.0,30.0,48.0,0.0,0.0,0.0,0.0,0.0,15.0,0.0,0.0
0.0,25.0,44.0,0.0,0.0,0.0,0.0,0.0,27.0,0.0,0.0
0.0,20.0,51.0,0.0,0.0,0.0,0.0,0.0,4.0,0.0,0.0
0.0,26.0,49.0,0.0,0.0,0.0,0.0,0.0,0.0,0.0,0.0

Response on Left workplace,Response on Left workplace,Response on Left workplace,Response on Left workplace,Response on Left workplace,Response on Left workplace,Response on Left workplace,Response on Left workplace,Response on Left workplace,Response on Left workplace,Response on Left workplace
Phase 1,Phase 1,Phase 1,Phase 1,Phase 1,Phase 1,Phase 1,Phase 1,Phase 1,Phase 1,Phase 1
0.0,8.0,0.0,7.0,0.0,0.0,12.0,0.0,128.0,0.0,0.0
0.0,3.0,0.0,5.0,0.0,0.0,12.0,0.0,136.0,0.0,0.0
0.0,10.0,0.0,22.0,0.0,0.0,0.0,0.0,129.0,0.0,0.0
0.0,13.0,0.0,14.0,0.0,0.0,0.0,0.0,130.0,0.0,0.0
0.0,10.0,0.0,15.0,0.0,0.0,12.0,1.0,122.0,0.0,0.0
Phase 2,Phase 2,Phase 2,Phase 2,Phase 2,Phase 2,Phase 2,Phase 2,Phase 2,Phase 2,Phase 2
127.0,17.0,47.0,4.0,141.0,7.0,1.0,7.0,57.0,27.0,44.0
148.0,0.0,96.0,0.0,179.0,13.0,0.0,10.0,0.0,14.0,64.0
149.0,0.0,101.0,0.0,166.0,4.0,1.0,7.0,0.0,8.0,61.0
149.0,0.0,99.0,2.0,179.0,7.0,0.0,5.0,0.0,11.0,73.0
45.0,0.0,88.0,0.0,103.0,3.0,0.0,9.0,0.0,6.0,68.0
Phase 3,Phase 3,Phase 3,Phase 3,Phase 3,Phase 3,Phase 3,Phase 3,Phase 3,Phase 3,Phase 3
0.0,0.0,99.0,0.0,0.0,0.0,0.0,0.0,54.0,0.0,12.0
0.0,0.0,93.0,0.0,0.0,0.0,0.0,0.0,58.0,0.0,0.0
0.0,0.0,90.0,0.0,0.0,0.0,0.0,0.0,33.0,0.0,0.0
0.0,0.0,92.0,0.0,0.0,0.0,0.0,0.0,98.0,0.0,0.0
0.0,0.0,84.0,0.0,0.0,0.0,0.0,0.0,104.0,0.0,0.0

Response on Right workplace,Response on Right workplace,Response on Right workplace,Response on Right workplace,Response on Right workplace,Response on Right workplace,Response on Right workplace,Response on Right workplace,Response on Right workplace,Response on Right workplace,Response on Right workplace
Phase 1,Phase 1,Phase 1,Phase 1,Phase 1,Phase 1,Phase 1,Phase 1,Phase 1,Phase 1,Phase 1
166.0,0.0,96.0,1.0,187.0,8.0,2.0,12.0,11.0,18.0,55.0
144.0,2.0,106.0,0.0,188.0,4.0,0.0,8.0,0.0,13.0,64.0
151.0,0.0,102.0,0.0,190.0,7.0,0.0,11.0,0.0,14.0,59.0
162.0,0.0,102.0,0.0,162.0,8.0,0.0,9.0,0.0,8.0,61.0
169.0,0.0,114.0,0.0,154.0,9.0,0.0,15.0,0.0,21.0,61.0
Phase 2,Phase 2,Phase 2,Phase 2,Phase 2,Phase 2,Phase 2,Phase 2,Phase 2,Phase 2,Phase 2
36.0,18.0,50.0,15.0,27.0,0.0,15.0,11.0,63.0,5.0,15.0
0.0,40.0,0.0,22.0,0.0,1.0,12.0,0.0,15.0,0.0,0.0
0.0,41.0,0.0,18.0,0.0,1.0,22.0,0.0,3.0,0.0,0.0
0.0,34.0,0.0,10.0,0.0,0.0,2.0,0.0,12.0,0.0,0.0
0.0,41.0,0.0,6.0,0.0,0.0,16.0,0.0,53.0,0.0,0.0
Phase 3,Phase 3,Phase 3,Phase 3,Phase 3,Phase 3,Phase 3,Phase 3,Phase 3,Phase 3,Phase 3
0.0,34.0,0.0,2.0,0.0,0.0,9.0,0.0,3.0,0.0,0.0
0.0,40.0,0.0,0.0,0.0,0.0,0.0,0.0,16.0,0.0,0.0
0.0,33.0,0.0,0.0,0.0,0.0,0.0,0.0,79.0,0.0,0.0
0.0,35.0,0.0,0.0,0.0,0.0,0.0,0.0,8.0,0.0,0.0
0.0,31.0,0.0,0.0,0.0,0.0,0.0,0.0,0.0,0.0,0.0

Response on Bar point,Response on Bar point,Response on Bar point,Response on Bar point,Response on Bar point,Response on Bar point,Response on Bar point,Response on Bar point,Response on Bar point,Response on Bar point,Response on Bar point
Phase 1,Phase 1,Phase 1,Phase 1,Phase 1,Phase 1,Phase 1,Phase 1,Phase 1,Phase 1,Phase 1
0.0,0.0,0.0,0.0,0.0,0.0,0.0,0.0,0.0,0.0,0.0
0.0,0.0,0.0,0.0,0.0,0.0,0.0,0.0,0.0,0.0,0.0
0.0,0.0,0.0,0.0,0.0,0.0,0.0,0.0,0.0,0.0,0.0
0.0,0.0,0.0,0.0,0.0,0.0,0.0,0.0,0.0,0.0,0.0
0.0,0.0,0.0,0.0,0.0,0.0,0.0,0.0,0.0,0.0,0.0
Phase 2,Phase 2,Phase 2,Phase 2,Phase 2,Phase 2,Phase 2,Phase 2,Phase 2,Phase 2,Phase 2
0.0,0.0,0.0,0.0,0.0,0.0,0.0,0.0,0.0,0.0,0.0
0.0,0.0,0.0,0.0,0.0,0.0,0.0,0.0,0.0,0.0,0.0
0.0,0.0,0.0,0.0,0.0,0.0,0.0,0.0,0.0,0.0,0.0
0.0,0.0,0.0,0.0,0.0,0.0,0.0,0.0,0.0,0.0,0.0
0.0,0.0,0.0,0.0,0.0,0.0,0.0,0.0,0.0,0.0,0.0
Phase 3,Phase 3,Phase 3,Phase 3,Phase 3,Phase 3,Phase 3,Phase 3,Phase 3,Phase 3,Phase 3
0.0,0.0,0.0,0.0,0.0,0.0,0.0,0.0,0.0,0.0,0.0
0.0,0.0,0.0,0.0,0.0,0.0,0.0,0.0,0.0,0.0,0.0
0.0,0.0,0.0,0.0,0.0,0.0,0.0,0.0,0.0,3.0,0.0
0.0,0.0,0.0,0.0,0.0,0.0,0.0,0.0,0.0,0.0,0.0
0.0,0.0,0.0,0.0,0.0,0.0,0.0,0.0,0.0,0.0,0.0

No responses were recorded for type Response on Bar point label

No responses were recorded for type Response on US dollar label

No responses were recorded for type Response on Net gain

Response on Background,Response on Background,Response on Background,Response on Background,Response on Background,Response on Background,Response on Background,Response on Background,Response on Background,Response on Background,Response on Background
Phase 1,Phase 1,Phase 1,Phase 1,Phase 1,Phase 1,Phase 1,Phase 1,Phase 1,Phase 1,Phase 1
0.0,0.0,0.0,0.0,0.0,0.0,0.0,0.0,0.0,0.0,0.0
0.0,0.0,0.0,0.0,0.0,0.0,0.0,0.0,0.0,1.0,0.0
0.0,0.0,0.0,0.0,0.0,0.0,0.0,0.0,0.0,1.0,0.0
0.0,0.0,0.0,0.0,0.0,0.0,0.0,0.0,0.0,0.0,0.0
0.0,0.0,0.0,0.0,0.0,0.0,0.0,0.0,0.0,0.0,1.0
Phase 2,Phase 2,Phase 2,Phase 2,Phase 2,Phase 2,Phase 2,Phase 2,Phase 2,Phase 2,Phase 2
0.0,0.0,0.0,0.0,0.0,0.0,0.0,0.0,0.0,0.0,1.0
0.0,0.0,0.0,0.0,0.0,0.0,0.0,0.0,0.0,0.0,0.0
1.0,0.0,0.0,0.0,0.0,0.0,0.0,0.0,0.0,0.0,0.0
0.0,0.0,0.0,0.0,0.0,0.0,0.0,0.0,0.0,0.0,0.0
0.0,0.0,0.0,0.0,0.0,0.0,0.0,0.0,0.0,0.0,0.0
Phase 3,Phase 3,Phase 3,Phase 3,Phase 3,Phase 3,Phase 3,Phase 3,Phase 3,Phase 3,Phase 3
0.0,0.0,0.0,0.0,0.0,0.0,0.0,0.0,0.0,0.0,0.0
0.0,0.0,0.0,0.0,0.0,0.0,0.0,0.0,0.0,0.0,0.0
0.0,0.0,0.0,0.0,0.0,0.0,0.0,0.0,0.0,0.0,0.0
0.0,0.0,0.0,0.0,0.0,0.0,0.0,1.0,0.0,0.0,0.0
0.0,0.0,0.0,0.0,0.0,0.0,0.0,0.0,0.0,0.0,0.0

No responses were recorded for type Response on Blackout background

Response on Left star,Response on Left star,Response on Left star,Response on Left star,Response on Left star,Response on Left star,Response on Left star,Response on Left star,Response on Left star,Response on Left star,Response on Left star
Phase 1,Phase 1,Phase 1,Phase 1,Phase 1,Phase 1,Phase 1,Phase 1,Phase 1,Phase 1,Phase 1
0.0,0.0,0.0,1.0,0.0,3.0,1.0,0.0,10.0,0.0,0.0
0.0,0.0,0.0,1.0,0.0,0.0,0.0,0.0,3.0,0.0,0.0
0.0,0.0,0.0,1.0,0.0,0.0,0.0,0.0,5.0,0.0,0.0
0.0,0.0,0.0,0.0,0.0,0.0,0.0,0.0,5.0,0.0,0.0
0.0,0.0,0.0,2.0,0.0,0.0,1.0,1.0,10.0,0.0,0.0
Phase 2,Phase 2,Phase 2,Phase 2,Phase 2,Phase 2,Phase 2,Phase 2,Phase 2,Phase 2,Phase 2
7.0,0.0,2.0,0.0,14.0,0.0,0.0,0.0,0.0,1.0,1.0
3.0,0.0,7.0,0.0,15.0,0.0,0.0,0.0,0.0,0.0,0.0
3.0,0.0,3.0,0.0,5.0,0.0,0.0,0.0,0.0,0.0,1.0
3.0,0.0,3.0,0.0,9.0,0.0,0.0,0.0,0.0,0.0,1.0
0.0,0.0,4.0,0.0,5.0,0.0,0.0,0.0,0.0,0.0,0.0
Phase 3,Phase 3,Phase 3,Phase 3,Phase 3,Phase 3,Phase 3,Phase 3,Phase 3,Phase 3,Phase 3
0.0,0.0,2.0,0.0,0.0,0.0,0.0,0.0,0.0,0.0,1.0
0.0,0.0,6.0,0.0,0.0,0.0,0.0,0.0,0.0,0.0,0.0
0.0,0.0,2.0,0.0,0.0,0.0,0.0,0.0,0.0,0.0,0.0
0.0,0.0,4.0,0.0,0.0,0.0,0.0,0.0,0.0,0.0,0.0
0.0,0.0,4.0,0.0,0.0,0.0,0.0,0.0,0.0,0.0,0.0

No responses were recorded for type Response on Right star

Response on Left gain point,Response on Left gain point,Response on Left gain point,Response on Left gain point,Response on Left gain point,Response on Left gain point,Response on Left gain point,Response on Left gain point,Response on Left gain point,Response on Left gain point,Response on Left gain point
Phase 1,Phase 1,Phase 1,Phase 1,Phase 1,Phase 1,Phase 1,Phase 1,Phase 1,Phase 1,Phase 1
0.0,0.0,0.0,0.0,0.0,0.0,1.0,0.0,3.0,0.0,0.0
0.0,0.0,0.0,0.0,0.0,0.0,0.0,0.0,0.0,0.0,0.0
0.0,0.0,0.0,0.0,0.0,0.0,0.0,0.0,0.0,0.0,0.0
0.0,0.0,0.0,0.0,0.0,0.0,0.0,0.0,0.0,0.0,0.0
0.0,0.0,0.0,0.0,0.0,0.0,0.0,0.0,0.0,0.0,0.0
Phase 2,Phase 2,Phase 2,Phase 2,Phase 2,Phase 2,Phase 2,Phase 2,Phase 2,Phase 2,Phase 2
0.0,0.0,0.0,0.0,0.0,0.0,0.0,0.0,0.0,0.0,0.0
0.0,0.0,1.0,0.0,1.0,0.0,0.0,0.0,0.0,0.0,0.0
1.0,0.0,2.0,0.0,1.0,0.0,0.0,0.0,0.0,0.0,0.0
1.0,0.0,1.0,0.0,1.0,0.0,0.0,0.0,0.0,0.0,0.0
0.0,0.0,1.0,0.0,0.0,0.0,0.0,0.0,0.0,0.0,0.0
Phase 3,Phase 3,Phase 3,Phase 3,Phase 3,Phase 3,Phase 3,Phase 3,Phase 3,Phase 3,Phase 3
0.0,0.0,0.0,0.0,0.0,0.0,0.0,0.0,0.0,0.0,0.0
0.0,0.0,1.0,0.0,0.0,0.0,0.0,0.0,0.0,0.0,0.0
0.0,0.0,1.0,0.0,0.0,0.0,0.0,0.0,0.0,0.0,0.0
0.0,0.0,0.0,0.0,0.0,0.0,0.0,0.0,0.0,0.0,0.0
0.0,0.0,0.0,0.0,0.0,0.0,0.0,0.0,0.0,0.0,0.0

No responses were recorded for type Response on Right gain point

Response on Left loss point,Response on Left loss point,Response on Left loss point,Response on Left loss point,Response on Left loss point,Response on Left loss point,Response on Left loss point,Response on Left loss point,Response on Left loss point,Response on Left loss point,Response on Left loss point
Phase 1,Phase 1,Phase 1,Phase 1,Phase 1,Phase 1,Phase 1,Phase 1,Phase 1,Phase 1,Phase 1
0.0,0.0,0.0,0.0,0.0,0.0,0.0,0.0,0.0,0.0,0.0
0.0,0.0,0.0,0.0,0.0,0.0,0.0,0.0,0.0,0.0,0.0
0.0,0.0,0.0,0.0,0.0,0.0,0.0,0.0,0.0,0.0,0.0
0.0,0.0,0.0,0.0,0.0,0.0,0.0,0.0,0.0,0.0,0.0
0.0,0.0,0.0,0.0,0.0,0.0,0.0,0.0,1.0,0.0,0.0
Phase 2,Phase 2,Phase 2,Phase 2,Phase 2,Phase 2,Phase 2,Phase 2,Phase 2,Phase 2,Phase 2
0.0,0.0,0.0,0.0,0.0,0.0,0.0,0.0,0.0,0.0,0.0
0.0,0.0,0.0,0.0,0.0,0.0,0.0,0.0,0.0,0.0,0.0
0.0,0.0,0.0,0.0,1.0,0.0,0.0,0.0,0.0,0.0,0.0
1.0,0.0,0.0,0.0,0.0,0.0,0.0,0.0,0.0,0.0,1.0
0.0,0.0,0.0,0.0,0.0,0.0,0.0,0.0,0.0,0.0,0.0
Phase 3,Phase 3,Phase 3,Phase 3,Phase 3,Phase 3,Phase 3,Phase 3,Phase 3,Phase 3,Phase 3
0.0,0.0,0.0,0.0,0.0,0.0,0.0,0.0,0.0,0.0,0.0
0.0,0.0,0.0,0.0,0.0,0.0,0.0,0.0,0.0,0.0,0.0
0.0,0.0,0.0,0.0,0.0,0.0,0.0,0.0,1.0,0.0,0.0
0.0,0.0,0.0,0.0,0.0,0.0,0.0,0.0,2.0,0.0,0.0
0.0,0.0,0.0,0.0,0.0,0.0,0.0,0.0,0.0,0.0,0.0

No responses were recorded for type Response on Right loss point

No responses were recorded for type Response on hourglass

No responses were recorded for type Response on loading text

Left SR,Left SR,Left SR,Left SR,Left SR,Left SR,Left SR,Left SR,Left SR,Left SR,Left SR
Phase 1,Phase 1,Phase 1,Phase 1,Phase 1,Phase 1,Phase 1,Phase 1,Phase 1,Phase 1,Phase 1
0.0,13.0,0.0,15.0,0.0,0.0,18.0,0.0,20.0,0.0,0.0
0.0,11.0,0.0,19.0,0.0,0.0,23.0,0.0,20.0,0.0,0.0
0.0,18.0,0.0,22.0,0.0,0.0,2.0,0.0,24.0,0.0,0.0
0.0,11.0,0.0,19.0,0.0,0.0,0.0,0.0,23.0,0.0,0.0
0.0,7.0,0.0,22.0,0.0,0.0,13.0,0.0,24.0,0.0,0.0
Phase 2,Phase 2,Phase 2,Phase 2,Phase 2,Phase 2,Phase 2,Phase 2,Phase 2,Phase 2,Phase 2
16.0,0.0,11.0,0.0,19.0,16.0,0.0,15.0,0.0,20.0,17.0
24.0,0.0,22.0,0.0,24.0,22.0,0.0,22.0,0.0,25.0,22.0
23.0,0.0,23.0,0.0,22.0,16.0,0.0,20.0,0.0,24.0,20.0
22.0,0.0,19.0,0.0,25.0,20.0,0.0,20.0,0.0,26.0,23.0
4.0,0.0,23.0,0.0,18.0,2.0,0.0,20.0,0.0,24.0,22.0
Phase 3,Phase 3,Phase 3,Phase 3,Phase 3,Phase 3,Phase 3,Phase 3,Phase 3,Phase 3,Phase 3
0.0,0.0,23.0,0.0,0.0,0.0,0.0,4.0,0.0,1.0,6.0
0.0,0.0,21.0,0.0,0.0,0.0,0.0,0.0,0.0,0.0,0.0
0.0,0.0,24.0,0.0,0.0,0.0,0.0,0.0,0.0,0.0,0.0
0.0,0.0,20.0,0.0,0.0,0.0,0.0,0.0,0.0,0.0,0.0
0.0,0.0,21.0,0.0,0.0,0.0,0.0,0.0,0.0,0.0,0.0

Right SR,Right SR,Right SR,Right SR,Right SR,Right SR,Right SR,Right SR,Right SR,Right SR,Right SR
Phase 1,Phase 1,Phase 1,Phase 1,Phase 1,Phase 1,Phase 1,Phase 1,Phase 1,Phase 1,Phase 1
22.0,0.0,23.0,0.0,21.0,15.0,0.0,20.0,0.0,26.0,20.0
24.0,0.0,21.0,0.0,24.0,18.0,0.0,24.0,0.0,24.0,26.0
25.0,0.0,22.0,0.0,19.0,20.0,0.0,17.0,0.0,23.0,19.0
25.0,0.0,18.0,0.0,27.0,12.0,0.0,22.0,0.0,26.0,24.0
23.0,0.0,24.0,0.0,23.0,20.0,0.0,20.0,0.0,25.0,22.0
Phase 2,Phase 2,Phase 2,Phase 2,Phase 2,Phase 2,Phase 2,Phase 2,Phase 2,Phase 2,Phase 2
0.0,7.0,0.0,15.0,0.0,0.0,17.0,0.0,12.0,0.0,0.0
0.0,12.0,0.0,22.0,0.0,0.0,19.0,0.0,23.0,0.0,0.0
0.0,20.0,0.0,22.0,0.0,0.0,19.0,0.0,26.0,0.0,0.0
0.0,2.0,0.0,19.0,0.0,0.0,14.0,0.0,21.0,0.0,0.0
0.0,11.0,0.0,20.0,0.0,0.0,22.0,0.0,22.0,0.0,0.0
Phase 3,Phase 3,Phase 3,Phase 3,Phase 3,Phase 3,Phase 3,Phase 3,Phase 3,Phase 3,Phase 3
0.0,17.0,0.0,4.0,0.0,0.0,16.0,0.0,5.0,0.0,0.0
0.0,15.0,0.0,0.0,0.0,0.0,0.0,0.0,7.0,0.0,0.0
0.0,15.0,0.0,0.0,0.0,0.0,0.0,0.0,12.0,0.0,0.0
0.0,13.0,0.0,0.0,0.0,0.0,0.0,0.0,2.0,0.0,0.0
0.0,18.0,0.0,0.0,0.0,0.0,0.0,0.0,0.0,0.0,0.0

No responses were recorded for type End of Phase 1

No responses were recorded for type End of Phase 2

No responses were recorded for type End of session

Phase Durations,Phase Durations,Phase Durations,Phase Durations,Phase Durations,Phase Durations,Phase Durations,Phase Durations,Phase Durations,Phase Durations,Phase Durations
Phase 1,Phase 1,Phase 1,Phase 1,Phase 1,Phase 1,Phase 1,Phase 1,Phase 1,Phase 1,Phase 1
300.01,300.01,300.01,300.01,300.01,300.01,300.01,300.01,300.01,300.03,300.01
Phase 2,Phase 2,Phase 2,Phase 2,Phase 2,Phase 2,Phase 2,Phase 2,Phase 2,Phase 2,Phase 2
300.01,300.0,300.01,300.0,300.0,300.01,300.0,300.0,300.01,300.0,300.0
Phase 3,Phase 3,Phase 3,Phase 3,Phase 3,Phase 3,Phase 3,Phase 3,Phase 3,Phase 3,Phase 3
300.01,300.0,300.01,300.01,300.0,300.01,300.01,300.0,300.01,300.02,300.0
99),99),99),99),99),99),99),99),99),99),99)
OK,OK,OK,OK,OK,OK,OK,OK,OK,OK,OK

Latencies,Latencies,Latencies,Latencies,Latencies,Latencies,Latencies,Latencies,Latencies,Latencies,Latencies
Target Response,Target Response,Target Response,Target Response,Target Response,Target Response,Target Response,Target Response,Target Response,Target Response,Target Response
None,None,None,11.32,None,None,None,None,7.59,None,None

Alt Response,Alt Response,Alt Response,Alt Response,Alt Response,Alt Response,Alt Response,Alt Response,Alt Response,Alt Response,Alt Response
None,4.49,0.97,0.52,None,None,0.27,0.48,0.97,0.04,0.01

Counts of 11 participant(s) in Phase 3
Target
2

No target response in Phase 3
9

Proportion in Phase 3
Target
0.18
